company_identifier_from_evidence,recipient_email,sent_date,message_id,evidence_type,rule
"Norden_Machinery","lars.hammarstedt@nordenmachinery.se","2026-10-06","1a111740be6d64eb","cv_attachment_filename","Exclude from NEW speculative outreach; historical sent email, not permanent rejection"
"OPO_Scandinavia","niklas.assarsson@opo.se","2026-10-06","1a111740ba234c54","cv_attachment_filename","Exclude from NEW speculative outreach; historical sent email, not permanent rejection"
"BCC_AB","andreas.berner@bccab.com","2026-10-06","1a111740ba12b651","cv_attachment_filename","Exclude from NEW speculative outreach; historical sent email, not permanent rejection"
"Gymleco","monica@gymleco.se","2026-10-06","1a111740acfdba8e","cv_attachment_filename","Exclude from NEW speculative outreach; historical sent email, not permanent rejection"
"Hydroware","erik.paulsson@hydroware.se","2026-10-06","1a111740a503bc04","cv_attachment_filename","Exclude from NEW speculative outreach; historical sent email, not permanent rejection"
"Senseair","mikael.akerholm@senseair.com","2026-10-06","1a111740a436f6de","cv_attachment_filename","Exclude from NEW speculative outreach; historical sent email, not permanent rejection"
"ExTe","per.olsson@exte.se","2026-10-06","1a111740a3d8dabf","cv_attachment_filename","Exclude from NEW speculative outreach; historical sent email, not permanent rejection"
"Swede_Ship_Marine","patrik.davidsson@swedeship.se","2026-10-06","1a111740a0c547c6","cv_attachment_filename","Exclude from NEW speculative outreach; historical sent email, not permanent rejection"
"danfo.se","johan.ekestrom@danfo.se","2026-10-06","1a110d5ded509db9","recipient_domain_only","Exclude from NEW speculative outreach; historical sent email, not permanent rejection"
"Materia","tobias.s@materia.se","2026-10-05","1a10c7163d540605","cv_attachment_filename","Exclude from NEW speculative outreach; historical sent email, not permanent rejection"
"Sveba_Dahlen","nal@sveba.com","2026-10-05","1a10c71632bc3e56","cv_attachment_filename","Exclude from NEW speculative outreach; historical sent email, not permanent rejection"
"Lundbergs_Mobler","sl@lundbergs-mobler.se","2026-10-05","1a10c716329587de","cv_attachment_filename","Exclude from NEW speculative outreach; historical sent email, not permanent rejection"
"Credin","martin.olsson@credin.se","2026-10-05","1a10c7162365da9b","cv_attachment_filename","Exclude from NEW speculative outreach; historical sent email, not permanent rejection"
"Protech_Food_Machinery","mats.svensson@protech-ab.se","2026-10-05","1a10c7079e2da275","cv_attachment_filename","Exclude from NEW speculative outreach; historical sent email, not permanent rejection"
"Jama_Mining_Machines","eva.skinner@jama.se","2026-10-05","1a10c7079352bf32","cv_attachment_filename","Exclude from NEW speculative outreach; historical sent email, not permanent rejection"
"Alentec_and_Orion","kenneth.ahlin@alentec.se","2026-10-05","1a10c70793083fa1","cv_attachment_filename","Exclude from NEW speculative outreach; historical sent email, not permanent rejection"
"Care_of_Sweden","angelica.mand-lantz@careofsweden.se","2026-10-05","1a10c70791ecf174","cv_attachment_filename","Exclude from NEW speculative outreach; historical sent email, not permanent rejection"
"Lajac_Group","almir@lajac.se","2026-10-05","1a10c7078ba629fb","cv_attachment_filename","Exclude from NEW speculative outreach; historical sent email, not permanent rejection"
"Haglund_Industri","johan@haglundindustri.se","2026-10-05","1a10c70787b29ee6","cv_attachment_filename","Exclude from NEW speculative outreach; historical sent email, not permanent rejection"
"NCAB_Group","howard.goff@ncabgroup.com","2026-10-05","1a10c7078131f928","cv_attachment_filename","Exclude from NEW speculative outreach; historical sent email, not permanent rejection"
"Marine_Jet_Power","robert.magnusson@marinejetpower.com","2026-10-05","1a10c6f8fc8c6272","cv_attachment_filename","Exclude from NEW speculative outreach; historical sent email, not permanent rejection"
"Lann_Industries","orjan.frejd@lannindustries.com","2026-10-05","1a10c6f8f633efcc","cv_attachment_filename","Exclude from NEW speculative outreach; historical sent email, not permanent rejection"
"NHC_International","niklas.nordlund@nhc-sweden.com","2026-10-05","1a10c6f8ed738dd0","cv_attachment_filename","Exclude from NEW speculative outreach; historical sent email, not permanent rejection"
"Lackeby","daniel.lindstrom@lackeby.se","2026-10-05","1a10c6f8e4fa4271","cv_attachment_filename","Exclude from NEW speculative outreach; historical sent email, not permanent rejection"
"Eightmood","lars.lund@8mood.com","2026-10-05","1a10c6f8e3b27707","cv_attachment_filename","Exclude from NEW speculative outreach; historical sent email, not permanent rejection"
"Valinge_Innovation","ola.kronvall@valinge.se","2026-10-05","1a10c6f8e2e05d74","cv_attachment_filename","Exclude from NEW speculative outreach; historical sent email, not permanent rejection"
"BoxonTech","tobias.rasmusson@boxontech.com","2026-10-05","1a10c6f8e1cbb55c","cv_attachment_filename","Exclude from NEW speculative outreach; historical sent email, not permanent rejection"
"Logent","eric.sandgren@logent.se","2026-10-05","1a10c6ea5f8c80ad","cv_attachment_filename","Exclude from NEW speculative outreach; historical sent email, not permanent rejection"
"SIB_Products","pontus.eriksson@sibproducts.com","2026-10-05","1a10c6ea5e8a463c","cv_attachment_filename","Exclude from NEW speculative outreach; historical sent email, not permanent rejection"
"Nordisk_Clean_Solutions","mikael.samuelsson@nordiskclean.com","2026-10-05","1a10c6ea5d91fdf2","cv_attachment_filename","Exclude from NEW speculative outreach; historical sent email, not permanent rejection"
"DigitalRoute","kristine.andersen@digitalroute.com","2026-10-05","1a10c6ea538ce721","cv_attachment_filename","Exclude from NEW speculative outreach; historical sent email, not permanent rejection"
"Nordomatic","robert.hemmerdinger@nordomatic.com","2026-10-05","1a10c6ea4f4fe5ca","cv_attachment_filename","Exclude from NEW speculative outreach; historical sent email, not permanent rejection"
"Vitas_Group","rebecka.spanberg@vitasgroup.se","2026-10-05","1a10c6ea4f0b767a","cv_attachment_filename","Exclude from NEW speculative outreach; historical sent email, not permanent rejection"
"First_Class_Brands_of_Sweden","ms@fcbsweden.se","2026-10-05","1a10c6ea4a7c334c","cv_attachment_filename","Exclude from NEW speculative outreach; historical sent email, not permanent rejection"
"danfo.se","johan.ekestrom@danfo.se","2026-10-05","1a10c53820586999","recipient_domain_only","Exclude from NEW speculative outreach; historical sent email, not permanent rejection"
"Thule_Group","bjorn.strid@thule.com","2026-10-05","1a10c48312f54750","cv_attachment_filename","Exclude from NEW speculative outreach; historical sent email, not permanent rejection"
"Triplesign","karen@triplesign.com","2026-10-05","1a10c483055c28c4","cv_attachment_filename","Exclude from NEW speculative outreach; historical sent email, not permanent rejection"
"Greenpipe","michael.kautto@greenpipe.se","2026-10-05","1a10c398be1fc892","cv_attachment_filename","Exclude from NEW speculative outreach; historical sent email, not permanent rejection"
"Orthex","aurelien.chabannier@orthexgroup.com","2026-10-05","1a10c398b4479212","cv_attachment_filename","Exclude from NEW speculative outreach; historical sent email, not permanent rejection"
"Range_Servant","jonas.persson.follin@rangeservant.com","2026-10-05","1a10c398a876768b","cv_attachment_filename","Exclude from NEW speculative outreach; historical sent email, not permanent rejection"
"Pricer","kajsa.blixth@pricer.com","2026-10-05","1a10c398a4b9161c","cv_attachment_filename","Exclude from NEW speculative outreach; historical sent email, not permanent rejection"
"Norbag","jan.richter@norbag.com","2026-10-01","1a0f7a1ef39de5ed","cv_attachment_filename","Exclude from NEW speculative outreach; historical sent email, not permanent rejection"
"Begoma","hampus.freij@begoma.se","2026-10-01","1a0f7a1ef1be9db3","cv_attachment_filename","Exclude from NEW speculative outreach; historical sent email, not permanent rejection"
"Ekelund","sabine@ekelunds.se","2026-10-01","1a0f7a1ee145dafb","cv_attachment_filename","Exclude from NEW speculative outreach; historical sent email, not permanent rejection"
"Trangia","magnus.rydell@trangia.se","2026-09-30","1a0f2877bf70f64a","cv_attachment_filename","Exclude from NEW speculative outreach; historical sent email, not permanent rejection"
"Gulled","henric@gulled.se","2026-09-30","1a0f2877bc8b504a","cv_attachment_filename","Exclude from NEW speculative outreach; historical sent email, not permanent rejection"
"Torverk","peter.lofvenholm@torverk.se","2026-09-30","1a0f2877bae777ef","cv_attachment_filename","Exclude from NEW speculative outreach; historical sent email, not permanent rejection"
"Contura_Group","patrik.jarlhage@conturasteel.se","2026-09-30","1a0f2877babbc93d","cv_attachment_filename","Exclude from NEW speculative outreach; historical sent email, not permanent rejection"
"EWES","anton.svensson@ewes.se","2026-09-30","1a0f2877b8263712","cv_attachment_filename","Exclude from NEW speculative outreach; historical sent email, not permanent rejection"
"Grahns_Konfektyr","jesper@grahns.se","2026-09-30","1a0f2877b6f4d9c1","cv_attachment_filename","Exclude from NEW speculative outreach; historical sent email, not permanent rejection"
"Ifo_Electric","anders.oringe@ifoelectric.com","2026-09-30","1a0f2877b6a1b02c","cv_attachment_filename","Exclude from NEW speculative outreach; historical sent email, not permanent rejection"
"Combi_Wear_Parts","fredrik.ivansson@combiparts.com","2026-09-30","1a0f2877b3e6ab1b","cv_attachment_filename","Exclude from NEW speculative outreach; historical sent email, not permanent rejection"
"Eton_Systems","janne.johansson@etonsystems.com","2026-09-30","1a0f2877b3938bbd","cv_attachment_filename","Exclude from NEW speculative outreach; historical sent email, not permanent rejection"
"Dustcontrol","fredrik.wangler@dustcontrol.se","2026-09-30","1a0f2877b16e9bce","cv_attachment_filename","Exclude from NEW speculative outreach; historical sent email, not permanent rejection"
"Ludvig_Svensson","anders.ludvigson@ludvigsvensson.com","2026-09-30","1a0f2877af8e666d","cv_attachment_filename","Exclude from NEW speculative outreach; historical sent email, not permanent rejection"
"Herno_Gin","emma@hernogin.com","2026-09-30","1a0f2877ad85ccd7","cv_attachment_filename","Exclude from NEW speculative outreach; historical sent email, not permanent rejection"
"ESBE","peter.cerny@esbe.eu","2026-09-30","1a0f2877abb2bd1c","cv_attachment_filename","Exclude from NEW speculative outreach; historical sent email, not permanent rejection"
"Valinge_Innovation","niclas.hakansson@valinge.se","2026-09-30","1a0f2877aaab62cb","cv_attachment_filename","Exclude from NEW speculative outreach; historical sent email, not permanent rejection"
"Sudio","johan@sudio.com","2026-09-30","1a0f2877a91642fc","cv_attachment_filename","Exclude from NEW speculative outreach; historical sent email, not permanent rejection"
"Polykemi","mattias.persson@polykemi.se","2026-09-30","1a0f2877a89d6ebd","cv_attachment_filename","Exclude from NEW speculative outreach; historical sent email, not permanent rejection"
"Nordifa","peter.wallgren@nordifa.se","2026-09-30","1a0f2877a4cebac7","cv_attachment_filename","Exclude from NEW speculative outreach; historical sent email, not permanent rejection"
"High_Coast_Whisky","lars.karlsson@highcoastwhisky.se","2026-09-30","1a0f2877a360890c","cv_attachment_filename","Exclude from NEW speculative outreach; historical sent email, not permanent rejection"
"Halle_System","henrik.bennarp@halle.se","2026-09-30","1a0f2877a22e4bfe","cv_attachment_filename","Exclude from NEW speculative outreach; historical sent email, not permanent rejection"
"Eton_Systems","jan.molin@etonsystems.com","2026-09-30","1a0f2877a01baf39","cv_attachment_filename","Exclude from NEW speculative outreach; historical sent email, not permanent rejection"
"famorafoods.se","david.orang@famorafoods.se","2026-09-29","1a0edb9c5c8e5f69","recipient_domain_only","Exclude from NEW speculative outreach; historical sent email, not permanent rejection"
"morakniv.se","richard.jagrud@morakniv.se","2026-09-29","1a0edb8f25c173ae","recipient_domain_only","Exclude from NEW speculative outreach; historical sent email, not permanent rejection"
"zilenzio.se","carl-johan.falkenstrom@zilenzio.se","2026-09-29","1a0edb7f130a86bb","recipient_domain_only","Exclude from NEW speculative outreach; historical sent email, not permanent rejection"
"johansondesign.com","eddie@johansondesign.com","2026-09-29","1a0edb77fdd5ca1b","recipient_domain_only","Exclude from NEW speculative outreach; historical sent email, not permanent rejection"
"polarbrod.se","bjorn.hagg@polarbrod.se","2026-09-29","1a0edb6c3729614d","recipient_domain_only","Exclude from NEW speculative outreach; historical sent email, not permanent rejection"
"standbygroup.com","mattias.andersson@standbygroup.com","2026-09-29","1a0edb669e8a6591","recipient_domain_only","Exclude from NEW speculative outreach; historical sent email, not permanent rejection"
"skandiaelevator.com","joakim.larsson@skandiaelevator.com","2026-09-29","1a0edb602987c8b4","recipient_domain_only","Exclude from NEW speculative outreach; historical sent email, not permanent rejection"
"lantchips.com","fredrik@lantchips.com","2026-09-29","1a0edb52f9e329ea","recipient_domain_only","Exclude from NEW speculative outreach; historical sent email, not permanent rejection"
"plantmaforestry.com","pontus.linderholm@plantmaforestry.com","2026-09-29","1a0edb4f9ea20fae","recipient_domain_only","Exclude from NEW speculative outreach; historical sent email, not permanent rejection"
"hammarprodukter.se","katarina@hammarprodukter.se","2026-09-29","1a0edb4c18f95bb4","recipient_domain_only","Exclude from NEW speculative outreach; historical sent email, not permanent rejection"
"skandilock.com","claes@skandilock.com","2026-09-29","1a0edb461266e761","recipient_domain_only","Exclude from NEW speculative outreach; historical sent email, not permanent rejection"
"trece.se","martin.larsson@trece.se","2026-09-29","1a0edb411b57d1e7","recipient_domain_only","Exclude from NEW speculative outreach; historical sent email, not permanent rejection"
"Areco_Metals","anders.lindell@areco.se","2026-09-29","1a0ed5537c9a89b9","cv_attachment_filename","Exclude from NEW speculative outreach; historical sent email, not permanent rejection"
"Piab_Group","bengt.thorsson@piabgroup.com","2026-09-29","1a0ed5537c2012c3","cv_attachment_filename","Exclude from NEW speculative outreach; historical sent email, not permanent rejection"
"Marshall_Group","jeremy.demaillard@marshall.com","2026-09-29","1a0ed5537b3e72a1","cv_attachment_filename","Exclude from NEW speculative outreach; historical sent email, not permanent rejection"
"Bemsiq","anselmi.immonen@bemsiq.com","2026-09-29","1a0ed5537972c339","cv_attachment_filename","Exclude from NEW speculative outreach; historical sent email, not permanent rejection"
"Einride","roozbeh.charli@einride.tech","2026-09-29","1a0ed55378122395","cv_attachment_filename","Exclude from NEW speculative outreach; historical sent email, not permanent rejection"
"Circulose","jonatan.janmark@circulose.com","2026-09-29","1a0ed55376fd0c28","cv_attachment_filename","Exclude from NEW speculative outreach; historical sent email, not permanent rejection"
"Uniwater","erik.meurling@uniwater.se","2026-09-29","1a0ed55375ee2ee9","cv_attachment_filename","Exclude from NEW speculative outreach; historical sent email, not permanent rejection"
"Sevan","elin@sevan.se","2026-09-29","1a0ed553754cc282","cv_attachment_filename","Exclude from NEW speculative outreach; historical sent email, not permanent rejection"
"Humphree","bjorn.saljo@humphree.com","2026-09-29","1a0ed55374cea3d7","cv_attachment_filename","Exclude from NEW speculative outreach; historical sent email, not permanent rejection"
"Mevisio","mats.ljungqvist@mevisio.com","2026-09-29","1a0ed55373cb6c07","cv_attachment_filename","Exclude from NEW speculative outreach; historical sent email, not permanent rejection"
"Conapto","hakan.bjorklund@conapto.se","2026-09-29","1a0ed553732e3eb3","cv_attachment_filename","Exclude from NEW speculative outreach; historical sent email, not permanent rejection"
"NexBlue","chris.jenssen@nexblue.com","2026-09-29","1a0ed5537285f204","cv_attachment_filename","Exclude from NEW speculative outreach; historical sent email, not permanent rejection"
"Svenska_LantChips","robert.arnegard@lantchips.se","2026-09-29","1a0ed553726805f4","cv_attachment_filename","Exclude from NEW speculative outreach; historical sent email, not permanent rejection"
"National_Sweden","mk@nationalsweden.se","2026-09-29","1a0ed5536f2f4189","cv_attachment_filename","Exclude from NEW speculative outreach; historical sent email, not permanent rejection"
"Zparq","jonas@zparq.se","2026-09-29","1a0ed5536eeed6a7","cv_attachment_filename","Exclude from NEW speculative outreach; historical sent email, not permanent rejection"
"Glimakra_of_Sweden","anders.barrklint@glimakra.com","2026-09-29","1a0ed5536dd077c8","cv_attachment_filename","Exclude from NEW speculative outreach; historical sent email, not permanent rejection"
"Gotessons_Design_Group","emil@gotessonsdesigngroup.com","2026-09-29","1a0ed5536c756da5","cv_attachment_filename","Exclude from NEW speculative outreach; historical sent email, not permanent rejection"
"Binar_Handling","thomas.mangold@binarhandling.de","2026-09-29","1a0ed5536a42ae82","cv_attachment_filename","Exclude from NEW speculative outreach; historical sent email, not permanent rejection"
"Sordin","gustav.falconer@sordin.com","2026-09-29","1a0ed55368628ee2","cv_attachment_filename","Exclude from NEW speculative outreach; historical sent email, not permanent rejection"
"Exeger","giovanni.fili@exeger.com","2026-09-29","1a0ed553680eff70","cv_attachment_filename","Exclude from NEW speculative outreach; historical sent email, not permanent rejection"
"Evam","mikael@evam.life","2026-09-29","1a0ed55364d8aa96","cv_attachment_filename","Exclude from NEW speculative outreach; historical sent email, not permanent rejection"
"InfraCom","bo.kjellberg@infracomgroup.se","2026-09-29","1a0ed55364023e68","cv_attachment_filename","Exclude from NEW speculative outreach; historical sent email, not permanent rejection"
"Inpipe_Sweden","rolf.naslund@inpipe.se","2026-09-28","1a0e83f55fa77679","cv_attachment_filename","Exclude from NEW speculative outreach; historical sent email, not permanent rejection"
"Silvent","a.erlandsson@silvent.se","2026-09-28","1a0e83f55e9f5bdb","cv_attachment_filename","Exclude from NEW speculative outreach; historical sent email, not permanent rejection"
"Standby_Group","mattias.andersson@standbygroup.com","2026-09-28","1a0e83f55cbd09fc","cv_attachment_filename","Exclude from NEW speculative outreach; historical sent email, not permanent rejection"
"Svalson","maud.spencer@svalson.com","2026-09-28","1a0e83f55bd544ce","cv_attachment_filename","Exclude from NEW speculative outreach; historical sent email, not permanent rejection"
"Hydri","kamilla.bjorkman@hydri.energy","2026-09-28","1a0e83f55b7dba00","cv_attachment_filename","Exclude from NEW speculative outreach; historical sent email, not permanent rejection"
"Hasta","stefan.schorling@hasta.se","2026-09-28","1a0e83f55a6d601c","cv_attachment_filename","Exclude from NEW speculative outreach; historical sent email, not permanent rejection"
"TreCe","martin.larsson@trece.se","2026-09-28","1a0e83f558b987aa","cv_attachment_filename","Exclude from NEW speculative outreach; historical sent email, not permanent rejection"
"Hardford","ulrika.lindqvist@hardford.se","2026-09-28","1a0e83f557c0d752","cv_attachment_filename","Exclude from NEW speculative outreach; historical sent email, not permanent rejection"
"Morakniv","richard.jagrud@morakniv.se","2026-09-28","1a0e83f55675d777","cv_attachment_filename","Exclude from NEW speculative outreach; historical sent email, not permanent rejection"
"Horreds_Mobel","per-ola@horreds.se","2026-09-28","1a0e83f555fd32af","cv_attachment_filename","Exclude from NEW speculative outreach; historical sent email, not permanent rejection"
"Ljungby_Maskin","hakan.larsson@ljungbymaskin.se","2026-09-28","1a0e83f555cf139a","cv_attachment_filename","Exclude from NEW speculative outreach; historical sent email, not permanent rejection"
"Zilenzio","carl-johan.f@zilenzio.se","2026-09-28","1a0e83f554dbb67e","cv_attachment_filename","Exclude from NEW speculative outreach; historical sent email, not permanent rejection"
"DaloLinden","mikael.j@dalolinden.se","2026-09-28","1a0e83f553b14417","cv_attachment_filename","Exclude from NEW speculative outreach; historical sent email, not permanent rejection"
"Skultuna_Flexible","richard@skflex.com","2026-09-28","1a0e83f553682509","cv_attachment_filename","Exclude from NEW speculative outreach; historical sent email, not permanent rejection"
"Plantma_Forestry","pontus.linderholm@plantmaforestry.com","2026-09-28","1a0e83f552eff31a","cv_attachment_filename","Exclude from NEW speculative outreach; historical sent email, not permanent rejection"
"Glimakra_of_Sweden","marcus.lindberg@glimakra.com","2026-09-28","1a0e83f552913aa7","cv_attachment_filename","Exclude from NEW speculative outreach; historical sent email, not permanent rejection"
"ERT_Godis","nichlas.ernstsson@ertgodis.se","2026-09-28","1a0e83f55261bef5","cv_attachment_filename","Exclude from NEW speculative outreach; historical sent email, not permanent rejection"
"Swedev","robert.kondrup@swedev.se","2026-09-28","1a0e83f55056777a","cv_attachment_filename","Exclude from NEW speculative outreach; historical sent email, not permanent rejection"
"Svenska_LantChips","fredrik@lantchips.se","2026-09-28","1a0e83f550074658","cv_attachment_filename","Exclude from NEW speculative outreach; historical sent email, not permanent rejection"
"El_Bjorn","christian.harstrom@elbjorn.se","2026-09-28","1a0e83f54f6597b3","cv_attachment_filename","Exclude from NEW speculative outreach; historical sent email, not permanent rejection"
"IV_Produkt","niclas.schubert@ivprodukt.se","2026-09-28","1a0e83f54ec3a2a5","cv_attachment_filename","Exclude from NEW speculative outreach; historical sent email, not permanent rejection"
"Eleiko","oskar.ragvald@eleiko.com","2026-09-28","1a0e83f54e9122ad","cv_attachment_filename","Exclude from NEW speculative outreach; historical sent email, not permanent rejection"
"Skandilock","claes@skandilock.com","2026-09-28","1a0e83f54e016b56","cv_attachment_filename","Exclude from NEW speculative outreach; historical sent email, not permanent rejection"
"Almondy","bjorn.noren@almondy.com","2026-09-28","1a0e83f54ad55e7f","cv_attachment_filename","Exclude from NEW speculative outreach; historical sent email, not permanent rejection"
"Olofsfors","kjell-erik.astrom@olofsfors.se","2026-09-28","1a0e83f54a876e5f","cv_attachment_filename","Exclude from NEW speculative outreach; historical sent email, not permanent rejection"
"Horda_Stans","anders.edin@hordastans.se","2026-09-28","1a0e83f54a678e8f","cv_attachment_filename","Exclude from NEW speculative outreach; historical sent email, not permanent rejection"
"Elmo_Leather","jimmy.ahlgren@elmoleather.com","2026-09-28","1a0e83f54a3b3b67","cv_attachment_filename","Exclude from NEW speculative outreach; historical sent email, not permanent rejection"
"Areco_Metals","salvatore.baudo@areco.se","2026-09-28","1a0e83f54a2c3a80","cv_attachment_filename","Exclude from NEW speculative outreach; historical sent email, not permanent rejection"
"FEAL","fredrik.spennare@feal.se","2026-09-28","1a0e83f5491d84fa","cv_attachment_filename","Exclude from NEW speculative outreach; historical sent email, not permanent rejection"
"InfraCom","roger.werin@infracom.se","2026-09-28","1a0e83f547c974fa","cv_attachment_filename","Exclude from NEW speculative outreach; historical sent email, not permanent rejection"
"Formenta_Group","henrik.nyholm@formenta.com","2026-09-28","1a0e83f545d6c54e","cv_attachment_filename","Exclude from NEW speculative outreach; historical sent email, not permanent rejection"
"Spaljisten","frederick.svensbergh@spaljisten.se","2026-09-28","1a0e83f545344575","cv_attachment_filename","Exclude from NEW speculative outreach; historical sent email, not permanent rejection"
"HAKI_Safety","sverker.lindberg@hakisafety.com","2026-09-28","1a0e83f54525bf06","cv_attachment_filename","Exclude from NEW speculative outreach; historical sent email, not permanent rejection"
"Corroventa","karl.jansson@corroventa.com","2026-09-28","1a0e83f544f8f22a","cv_attachment_filename","Exclude from NEW speculative outreach; historical sent email, not permanent rejection"
"Alva_Labs","oliver@alvalabs.io","2026-09-28","1a0e83f542b0f199","cv_attachment_filename","Exclude from NEW speculative outreach; historical sent email, not permanent rejection"
"Binar_Handling","torbjorn.linder@binarhandling.com","2026-09-28","1a0e83f542a1bf63","cv_attachment_filename","Exclude from NEW speculative outreach; historical sent email, not permanent rejection"
"Lessebo_Paper","carina.jensen@lessebopaper.com","2026-09-28","1a0e83f5416523da","cv_attachment_filename","Exclude from NEW speculative outreach; historical sent email, not permanent rejection"
"Beslag_Design","mattias.gunnarsson@beslagdesign.se","2026-09-28","1a0e83f5404a2728","cv_attachment_filename","Exclude from NEW speculative outreach; historical sent email, not permanent rejection"
"nefab.com","per.ohagen@nefab.com","2026-09-25","1a0d7a6ba078f78f","recipient_domain_only","Exclude from NEW speculative outreach; historical sent email, not permanent rejection"
"danfo.se","johan.ekestrom@danfo.se","2026-09-25","1a0d7a62d2d9c8e8","recipient_domain_only","Exclude from NEW speculative outreach; historical sent email, not permanent rejection"
"calectro.se","henric.fahlen@calectro.se","2026-09-24","1a0d40768eab15aa","recipient_domain_only","Exclude from NEW speculative outreach; historical sent email, not permanent rejection"
"najell.com","malin@najell.com","2026-09-24","1a0d40677e124c37","recipient_domain_only","Exclude from NEW speculative outreach; historical sent email, not permanent rejection"
"hangon.se","ao@hangon.se","2026-09-24","1a0d405dc8745fce","recipient_domain_only","Exclude from NEW speculative outreach; historical sent email, not permanent rejection"
"safeline.se","henrik.gyllander@safeline.se","2026-09-24","1a0d4047b44296ad","recipient_domain_only","Exclude from NEW speculative outreach; historical sent email, not permanent rejection"
"klippanyllefabrik.se","petter@klippanyllefabrik.se","2026-09-24","1a0d403c3462dd29","recipient_domain_only","Exclude from NEW speculative outreach; historical sent email, not permanent rejection"
"yllw.com","marcus.berntson@yllw.com","2026-09-24","1a0d40280dcdafca","recipient_domain_only","Exclude from NEW speculative outreach; historical sent email, not permanent rejection"
"bjornaxen.se","johan.hellstrom@bjornaxen.se","2026-09-24","1a0d400162fb6509","recipient_domain_only","Exclude from NEW speculative outreach; historical sent email, not permanent rejection"
"Revent_International","dl@revent.com","2026-09-24","1a0d399ff9761ed7","cv_attachment_filename","Exclude from NEW speculative outreach; historical sent email, not permanent rejection"
"Bla_Station","johan@blastation.se","2026-09-24","1a0d399fecf7718d","cv_attachment_filename","Exclude from NEW speculative outreach; historical sent email, not permanent rejection"
"Tormek","samuel.stenhem@tormek.se","2026-09-24","1a0d399fe0a58874","cv_attachment_filename","Exclude from NEW speculative outreach; historical sent email, not permanent rejection"
"Ejendals","christina.aqvist@ejendals.com","2026-09-24","1a0d3982bc321949","cv_attachment_filename","Exclude from NEW speculative outreach; historical sent email, not permanent rejection"
"Ballingslov_International","bjorn.hauber@ballingslov.se","2026-09-24","1a0d3982b34fc7c2","cv_attachment_filename","Exclude from NEW speculative outreach; historical sent email, not permanent rejection"
"Hallberg-Rassy","magnus.rassy@hallberg-rassy.se","2026-09-24","1a0d3956bd1daab8","cv_attachment_filename","Exclude from NEW speculative outreach; historical sent email, not permanent rejection"
"MCT_Brattberg","johan.fagerberg@mctbrattberg.com","2026-09-24","1a0d3956bc615144","cv_attachment_filename","Exclude from NEW speculative outreach; historical sent email, not permanent rejection"
"ZetaDisplay","ola@zetadisplay.com","2026-09-24","1a0d3956bc38a510","cv_attachment_filename","Exclude from NEW speculative outreach; historical sent email, not permanent rejection"
"Kinnarps","robert.petersson@kinnarps.se","2026-09-24","1a0d3956bb0d3400","cv_attachment_filename","Exclude from NEW speculative outreach; historical sent email, not permanent rejection"
"REF_Stockholm","edward.ernstberger@refstockholm.com","2026-09-24","1a0d3956ba3c622b","cv_attachment_filename","Exclude from NEW speculative outreach; historical sent email, not permanent rejection"
"NICKS","stefan.lagerqvist@nicks.com","2026-09-24","1a0d3956b9fe02d9","cv_attachment_filename","Exclude from NEW speculative outreach; historical sent email, not permanent rejection"
"Fogmaker_International","lars.alrutz@fogmaker.com","2026-09-24","1a0d3956b9744904","cv_attachment_filename","Exclude from NEW speculative outreach; historical sent email, not permanent rejection"
"DUX","henrik.ljung@dux.se","2026-09-24","1a0d3956b7feba87","cv_attachment_filename","Exclude from NEW speculative outreach; historical sent email, not permanent rejection"
"Nords_International","simon.hedberg@nordsinternational.com","2026-09-24","1a0d3956b7a0c46c","cv_attachment_filename","Exclude from NEW speculative outreach; historical sent email, not permanent rejection"
"PanLink","mikael.rosengren@panlink.se","2026-09-24","1a0d3956b791b41f","cv_attachment_filename","Exclude from NEW speculative outreach; historical sent email, not permanent rejection"
"Hultafors_Group","anders.hulse@hultaforsgroup.com","2026-09-24","1a0d3956b783eb99","cv_attachment_filename","Exclude from NEW speculative outreach; historical sent email, not permanent rejection"
"Pelly_Group","sara.berglund@pelly.eu","2026-09-24","1a0d3956b4d6e036","cv_attachment_filename","Exclude from NEW speculative outreach; historical sent email, not permanent rejection"
"Varnamo_of_Sweden","martin.ahlander@varnamo-sangklader.se","2026-09-24","1a0d3956b4a46250","cv_attachment_filename","Exclude from NEW speculative outreach; historical sent email, not permanent rejection"
"Wibe_Group","ph.geisler@wibe-group.com","2026-09-24","1a0d3956b394b9b0","cv_attachment_filename","Exclude from NEW speculative outreach; historical sent email, not permanent rejection"
"Absolent","peter.unelind@absolentgroup.com","2026-09-24","1a0d3956b2abae08","cv_attachment_filename","Exclude from NEW speculative outreach; historical sent email, not permanent rejection"
"Presona","martin.skogmalm@presona.se","2026-09-24","1a0d3956b1f47c6e","cv_attachment_filename","Exclude from NEW speculative outreach; historical sent email, not permanent rejection"
"RVM_Systems","niklas.engstrom@rvmsystems.com","2026-09-24","1a0d3956b1c6de67","cv_attachment_filename","Exclude from NEW speculative outreach; historical sent email, not permanent rejection"
"Famora_Foods","david.orang@famorafoods.se","2026-09-24","1a0d3956afd93172","cv_attachment_filename","Exclude from NEW speculative outreach; historical sent email, not permanent rejection"
"Cibes_Lift_Group","martin.lewerth@cibesliftgroup.com","2026-09-24","1a0d3956af7603ef","cv_attachment_filename","Exclude from NEW speculative outreach; historical sent email, not permanent rejection"
"Wibax","tore.johnsson@wibax.com","2026-09-24","1a0d3956ae36620d","cv_attachment_filename","Exclude from NEW speculative outreach; historical sent email, not permanent rejection"
"LIMAB","ulf.johannesson@limab.com","2026-09-24","1a0d3956ae25feb5","cv_attachment_filename","Exclude from NEW speculative outreach; historical sent email, not permanent rejection"
"Daloc","mikael.johansson@daloc.se","2026-09-24","1a0d3956ae0bd512","cv_attachment_filename","Exclude from NEW speculative outreach; historical sent email, not permanent rejection"
"Danfo","johan.ekestrom@danfo.se","2026-09-24","1a0d3956adeffc0e","cv_attachment_filename","Exclude from NEW speculative outreach; historical sent email, not permanent rejection"
"Dafgards","ulf.hagelberg@dafgard.se","2026-09-24","1a0d3956ad4836fe","cv_attachment_filename","Exclude from NEW speculative outreach; historical sent email, not permanent rejection"
"Swedese","julio.patino@swedese.se","2026-09-24","1a0d3956aced6a22","cv_attachment_filename","Exclude from NEW speculative outreach; historical sent email, not permanent rejection"
"OCS_Overhead_Conveyor_System","jorgen.ottosson@ocs.se","2026-09-24","1a0d3956acc3a234","cv_attachment_filename","Exclude from NEW speculative outreach; historical sent email, not permanent rejection"
"OilQuick","henrik.sonerud@oilquick.com","2026-09-24","1a0d3956acbe9fd2","cv_attachment_filename","Exclude from NEW speculative outreach; historical sent email, not permanent rejection"
"Fogia","marcus.huber@fogia.se","2026-09-24","1a0d3956aa2232c2","cv_attachment_filename","Exclude from NEW speculative outreach; historical sent email, not permanent rejection"
"Roxtec","magnus.holmberg@roxtec.com","2026-09-24","1a0d3956a9677bd0","cv_attachment_filename","Exclude from NEW speculative outreach; historical sent email, not permanent rejection"
"Elpress_Group","patrik.olsson@elpress.se","2026-09-24","1a0d3956a82ad82d","cv_attachment_filename","Exclude from NEW speculative outreach; historical sent email, not permanent rejection"
"Huddig","hakan.backstrom@huddig.se","2026-09-24","1a0d3956a742748a","cv_attachment_filename","Exclude from NEW speculative outreach; historical sent email, not permanent rejection"
"Nefab","per.ohagen@nefab.com","2026-09-24","1a0d3956a668d0f6","cv_attachment_filename","Exclude from NEW speculative outreach; historical sent email, not permanent rejection"
"Regin_Group","fredrik.wiking@regin.se","2026-09-24","1a0d3956a3ee309a","cv_attachment_filename","Exclude from NEW speculative outreach; historical sent email, not permanent rejection"
"ITAB_Group","nick.hughes@itab.com","2026-09-24","1a0d3956a2c9e84b","cv_attachment_filename","Exclude from NEW speculative outreach; historical sent email, not permanent rejection"
"Systemair","robert.larsson@systemair.com","2026-09-24","1a0d3956a293e8bf","cv_attachment_filename","Exclude from NEW speculative outreach; historical sent email, not permanent rejection"
"Brodit","goran@brodit.se","2026-09-24","1a0d3956a1c5ab1a","cv_attachment_filename","Exclude from NEW speculative outreach; historical sent email, not permanent rejection"
"Seaflex","lars.brandt@seaflex.com","2026-09-24","1a0d3956a05c4213","cv_attachment_filename","Exclude from NEW speculative outreach; historical sent email, not permanent rejection"
"bjornaxen.se","johan.hellstrom@bjornaxen.se","2026-09-24","1a0d39111ed16024","recipient_domain_only","Exclude from NEW speculative outreach; historical sent email, not permanent rejection"
"Foodster","tony@tnfgruppen.com","2026-09-23","1a0ce6991ff12061","cv_attachment_filename","Exclude from NEW speculative outreach; historical sent email, not permanent rejection"
"Hammarprodukter","lisa@hammarprodukter.se","2026-09-23","1a0ce6991fc65b23","cv_attachment_filename","Exclude from NEW speculative outreach; historical sent email, not permanent rejection"
"Hallins","lars.torpman@hallins.com","2026-09-23","1a0ce6991f1fe626","cv_attachment_filename","Exclude from NEW speculative outreach; historical sent email, not permanent rejection"
"Lidan_Marine","thomas.jonsson@lidanmarine.com","2026-09-23","1a0ce6991eae7600","cv_attachment_filename","Exclude from NEW speculative outreach; historical sent email, not permanent rejection"
"Modul_System","henrik.persson@modul-system.com","2026-09-23","1a0ce6991cfe5058","cv_attachment_filename","Exclude from NEW speculative outreach; historical sent email, not permanent rejection"
"Metsjo","anders.i@metsjo.se","2026-09-23","1a0ce6991c426410","cv_attachment_filename","Exclude from NEW speculative outreach; historical sent email, not permanent rejection"
"SafeLine","henrik.gyllander@safeline.se","2026-09-23","1a0ce6991ae1347e","cv_attachment_filename","Exclude from NEW speculative outreach; historical sent email, not permanent rejection"
"TYRI_Lights","johannes.friberg@tyri.se","2026-09-23","1a0ce6991adae32a","cv_attachment_filename","Exclude from NEW speculative outreach; historical sent email, not permanent rejection"
"Kongamek","ida.stiller@kongamek.se","2026-09-23","1a0ce6991aa8f894","cv_attachment_filename","Exclude from NEW speculative outreach; historical sent email, not permanent rejection"
"Lamiflex_Group","mats.jarpehag@lamiflex.se","2026-09-23","1a0ce69919777f1e","cv_attachment_filename","Exclude from NEW speculative outreach; historical sent email, not permanent rejection"
"Kopparbergs_Bryggeri","pgb@kopparbergs.se","2026-09-23","1a0ce6991607b858","cv_attachment_filename","Exclude from NEW speculative outreach; historical sent email, not permanent rejection"
"HangOn","ao@hangon.se","2026-09-23","1a0ce6991430da7c","cv_attachment_filename","Exclude from NEW speculative outreach; historical sent email, not permanent rejection"
"Work_System","benedikt.wiesmann@worksystem.com","2026-09-23","1a0ce69913f59fd6","cv_attachment_filename","Exclude from NEW speculative outreach; historical sent email, not permanent rejection"
"Kellfri","caroline.karlstrom@kellfri.se","2026-09-23","1a0ce699137283ae","cv_attachment_filename","Exclude from NEW speculative outreach; historical sent email, not permanent rejection"
"Lyckeby","mathias.samuelsson@lyckeby.com","2026-09-23","1a0ce69912f853bc","cv_attachment_filename","Exclude from NEW speculative outreach; historical sent email, not permanent rejection"
"Human_Care","jessica.ammerlaan@humancaregroup.com","2026-09-23","1a0ce69912d88999","cv_attachment_filename","Exclude from NEW speculative outreach; historical sent email, not permanent rejection"
"Klippan_Yllefabrik","petter@klippanyllefabrik.se","2026-09-23","1a0ce699128ba1a6","cv_attachment_filename","Exclude from NEW speculative outreach; historical sent email, not permanent rejection"
"Svenska_Kramfabriken","peter.arcabic@kramfabriken.com","2026-09-23","1a0ce69912607326","cv_attachment_filename","Exclude from NEW speculative outreach; historical sent email, not permanent rejection"
"FrontPac","jesper.ladelfa@frontpac.se","2026-09-23","1a0ce6991206969a","cv_attachment_filename","Exclude from NEW speculative outreach; historical sent email, not permanent rejection"
"Lifts_All","robin.skogward@liftsall.se","2026-09-23","1a0ce69910c6eff0","cv_attachment_filename","Exclude from NEW speculative outreach; historical sent email, not permanent rejection"
"Weland_AB","fredrik.albinsson@weland.se","2026-09-23","1a0ce69910bcc844","cv_attachment_filename","Exclude from NEW speculative outreach; historical sent email, not permanent rejection"
"Nordic_Flanges","juho.niemi@nordicflanges.com","2026-09-23","1a0ce699103474d4","cv_attachment_filename","Exclude from NEW speculative outreach; historical sent email, not permanent rejection"
"Calectro","henric.fahlen@calectro.se","2026-09-23","1a0ce699100229b1","cv_attachment_filename","Exclude from NEW speculative outreach; historical sent email, not permanent rejection"
"Depend_Cosmetic","mj@depend.se","2026-09-23","1a0ce6990fc03301","cv_attachment_filename","Exclude from NEW speculative outreach; historical sent email, not permanent rejection"
"Skandia_Elevator","joakim.larsson@skandiaelevator.com","2026-09-23","1a0ce6990fbc8c09","cv_attachment_filename","Exclude from NEW speculative outreach; historical sent email, not permanent rejection"
"Industrilas","niklas.graberg@industrilas.com","2026-09-23","1a0ce6990daaf549","cv_attachment_filename","Exclude from NEW speculative outreach; historical sent email, not permanent rejection"
"Rowico_Home","peter.alpedal@rowico.com","2026-09-23","1a0ce6990b775337","cv_attachment_filename","Exclude from NEW speculative outreach; historical sent email, not permanent rejection"
"Newport_Collection","wille@newport.se","2026-09-23","1a0ce6990b500c05","cv_attachment_filename","Exclude from NEW speculative outreach; historical sent email, not permanent rejection"
"Malmsten","gustav@malmsten.com","2026-09-23","1a0ce6990a833988","cv_attachment_filename","Exclude from NEW speculative outreach; historical sent email, not permanent rejection"
"Joma","alexander@joma.se","2026-09-23","1a0ce69909ea98e2","cv_attachment_filename","Exclude from NEW speculative outreach; historical sent email, not permanent rejection"
"Abro_Bryggeri","sara.sonnermyr@abro.se","2026-09-23","1a0ce69908d235b2","cv_attachment_filename","Exclude from NEW speculative outreach; historical sent email, not permanent rejection"
"Sjobergs_Workbenches","stig.reitan@sjobergs.se","2026-09-23","1a0ce69907812e02","cv_attachment_filename","Exclude from NEW speculative outreach; historical sent email, not permanent rejection"
"Delicato_Bakverk","peter.leander@delicato.se","2026-09-23","1a0ce6990536d4b5","cv_attachment_filename","Exclude from NEW speculative outreach; historical sent email, not permanent rejection"
"Candypeople","anna@candypeople.com","2026-09-23","1a0ce69904fca432","cv_attachment_filename","Exclude from NEW speculative outreach; historical sent email, not permanent rejection"
"Hedson_Technologies","niklas.johansson@hedson.com","2026-09-23","1a0ce69904bc2b79","cv_attachment_filename","Exclude from NEW speculative outreach; historical sent email, not permanent rejection"
"The_Green_Dairy","slavik@thegreendairy.com","2026-09-23","1a0ce699042a9217","cv_attachment_filename","Exclude from NEW speculative outreach; historical sent email, not permanent rejection"
"Olle_Svenssons_Partiaffar","fredrik.reinholdsson@ollesab.com","2026-09-23","1a0ce69903bc5fdd","cv_attachment_filename","Exclude from NEW speculative outreach; historical sent email, not permanent rejection"
"Nordic_Sport","dennis@nordicsport.se","2026-09-23","1a0ce69903ac7120","cv_attachment_filename","Exclude from NEW speculative outreach; historical sent email, not permanent rejection"
"Cresto_Group","magnus.mjorna@crestosafety.com","2026-09-23","1a0ce6990329c80e","cv_attachment_filename","Exclude from NEW speculative outreach; historical sent email, not permanent rejection"
"Ekamant","joakim.jonsson@ekamant.se","2026-09-23","1a0ce699024ef094","cv_attachment_filename","Exclude from NEW speculative outreach; historical sent email, not permanent rejection"
"Hafi","pontus@hafi.com","2026-09-23","1a0ce699019bea9a","cv_attachment_filename","Exclude from NEW speculative outreach; historical sent email, not permanent rejection"
"Fria_Brod","gunilla.lisspers@fria.se","2026-09-23","1a0ce699011e50dd","cv_attachment_filename","Exclude from NEW speculative outreach; historical sent email, not permanent rejection"
"Hydria_Water","tobias.barrstrand@hydriawater.com","2026-09-23","1a0ce69900b743b5","cv_attachment_filename","Exclude from NEW speculative outreach; historical sent email, not permanent rejection"
"Najell","malin@najell.com","2026-09-23","1a0ce699000950c6","cv_attachment_filename","Exclude from NEW speculative outreach; historical sent email, not permanent rejection"
"DUSTY_DECO","jonas.angelov@dustydeco.com","2026-09-23","1a0cd553be7e5be8","cv_attachment_filename","Exclude from NEW speculative outreach; historical sent email, not permanent rejection"
"DUSTY_DECO","jonas.agnelov@dustydeco.com","2026-09-23","1a0cd47ecc0e9419","cv_attachment_filename","Exclude from NEW speculative outreach; historical sent email, not permanent rejection"
"dustydeco.com","niklas@dustydeco.com","2026-09-23","1a0cd46c3cefad39","recipient_domain_only","Exclude from NEW speculative outreach; historical sent email, not permanent rejection"
"arvidnordquist.se","lisbet.rygolsen@arvidnordquist.se","2026-09-23","1a0cd458d0b84e29","recipient_domain_only","Exclude from NEW speculative outreach; historical sent email, not permanent rejection"
"Ecolean","thomas.hultin@ecolean.se","2026-09-22","1a0c947c9e9093a0","cv_attachment_filename","Exclude from NEW speculative outreach; historical sent email, not permanent rejection"
"Boxon","linus.lemark@boxon.com","2026-09-22","1a0c947c9e61a1e7","cv_attachment_filename","Exclude from NEW speculative outreach; historical sent email, not permanent rejection"
"Combi_Wear_Parts","sacha@combiparts.com","2026-09-22","1a0c947c9e4b89f9","cv_attachment_filename","Exclude from NEW speculative outreach; historical sent email, not permanent rejection"
"FM_Mattsson_Group","fredrik.skarp@fmmattssongroup.com","2026-09-22","1a0c947c9c5c7b0b","cv_attachment_filename","Exclude from NEW speculative outreach; historical sent email, not permanent rejection"
"Kasthall","christian.skovhus@kasthall.com","2026-09-22","1a0c947c9986fb11","cv_attachment_filename","Exclude from NEW speculative outreach; historical sent email, not permanent rejection"
"Swedstyle","malin.nordin@swedstyle.se","2026-09-22","1a0c947c9964f307","cv_attachment_filename","Exclude from NEW speculative outreach; historical sent email, not permanent rejection"
"Monitor_ERP","johan.holmsten@monitor.se","2026-09-22","1a0c947c98ba0c3f","cv_attachment_filename","Exclude from NEW speculative outreach; historical sent email, not permanent rejection"
"Johanson_Design","eddie@johansondesign.se","2026-09-22","1a0c947c972dcf6d","cv_attachment_filename","Exclude from NEW speculative outreach; historical sent email, not permanent rejection"
"Winpos","jonas.ekegren@winpos.se","2026-09-22","1a0c947c96ff6256","cv_attachment_filename","Exclude from NEW speculative outreach; historical sent email, not permanent rejection"
"Orwak","tomas.johansson@orwak.com","2026-09-22","1a0c947c961a6d93","cv_attachment_filename","Exclude from NEW speculative outreach; historical sent email, not permanent rejection"
"Movomech","tony.kjellkvist@movomech.com","2026-09-22","1a0c947c9567efc3","cv_attachment_filename","Exclude from NEW speculative outreach; historical sent email, not permanent rejection"
"LINTEX","anders.abelin@lintex.com","2026-09-22","1a0c947c952605a5","cv_attachment_filename","Exclude from NEW speculative outreach; historical sent email, not permanent rejection"
"System_Edstrom","anna.rameback@edstrom.se","2026-09-22","1a0c947c924e3a64","cv_attachment_filename","Exclude from NEW speculative outreach; historical sent email, not permanent rejection"
"Axjo_Group","jacob.nilsson@axjo.com","2026-09-22","1a0c947c91a07968","cv_attachment_filename","Exclude from NEW speculative outreach; historical sent email, not permanent rejection"
"TePe","helen.richenzhagen@tepe.com","2026-09-22","1a0c947c91469b86","cv_attachment_filename","Exclude from NEW speculative outreach; historical sent email, not permanent rejection"
"Weland_Solutions","alexander.ljungberg@welandsolutions.se","2026-09-22","1a0c947c8bb28f7e","cv_attachment_filename","Exclude from NEW speculative outreach; historical sent email, not permanent rejection"
"EAB","mikael.pernefors@eab.se","2026-09-22","1a0c947c8b2c983f","cv_attachment_filename","Exclude from NEW speculative outreach; historical sent email, not permanent rejection"
"Inriver","dave.cumberworth@inriver.com","2026-09-22","1a0c947c8b1bd99c","cv_attachment_filename","Exclude from NEW speculative outreach; historical sent email, not permanent rejection"
"Rapid_Granulator","anders.martensson@rapidgranulator.se","2026-09-22","1a0c947c8ae79575","cv_attachment_filename","Exclude from NEW speculative outreach; historical sent email, not permanent rejection"
"Belid_Lighting_Group","anders.lundin@belid.se","2026-09-22","1a0c947c87d24f5b","cv_attachment_filename","Exclude from NEW speculative outreach; historical sent email, not permanent rejection"
"Wapro","sven.von.radloff@wapro.com","2026-09-22","1a0c947c879fd4b2","cv_attachment_filename","Exclude from NEW speculative outreach; historical sent email, not permanent rejection"
"CIDAN_Machinery_Group","rbu@cidanmachinery.com","2026-09-22","1a0c947c873c173f","cv_attachment_filename","Exclude from NEW speculative outreach; historical sent email, not permanent rejection"
"Candles_Scandinavia","vga@candles.se","2026-09-22","1a0c947c86ca3715","cv_attachment_filename","Exclude from NEW speculative outreach; historical sent email, not permanent rejection"
"Sundstrom_Safety","patrik.andersson@srsafety.se","2026-09-22","1a0c947c8574da85","cv_attachment_filename","Exclude from NEW speculative outreach; historical sent email, not permanent rejection"
"AB_Munkforssagar","hector.vallejos@munkfors.com","2026-09-22","1a0c947c8502d257","cv_attachment_filename","Exclude from NEW speculative outreach; historical sent email, not permanent rejection"
"Green_Furniture_Concept_Circalle","lisa.jakobsson@greenfurnitureconcept.com","2026-09-22","1a0c947c8344d467","cv_attachment_filename","Exclude from NEW speculative outreach; historical sent email, not permanent rejection"
"Sauna360_Tylo","niklas.bronn@sauna360.com","2026-09-22","1a0c947c81d1c0a4","cv_attachment_filename","Exclude from NEW speculative outreach; historical sent email, not permanent rejection"
"Orbital_Systems","mehrdad@orbital-systems.com","2026-09-22","1a0c947c802bb441","cv_attachment_filename","Exclude from NEW speculative outreach; historical sent email, not permanent rejection"
"carryline.se","henrik.eriksson@carryline.se","2026-09-22","1a0c8a66080ff160","recipient_domain_only","Exclude from NEW speculative outreach; historical sent email, not permanent rejection"
"labino.com","fredrik.moren@labino.com","2026-09-22","1a0c8a60d940b1dd","recipient_domain_only","Exclude from NEW speculative outreach; historical sent email, not permanent rejection"
"avtech.aero","philip.nordfeldt@avtech.aero","2026-09-22","1a0c8a49044f7c7e","recipient_domain_only","Exclude from NEW speculative outreach; historical sent email, not permanent rejection"
"midbectapeter.com","per@midbectapeter.com","2026-09-22","1a0c8a4367df7e28","recipient_domain_only","Exclude from NEW speculative outreach; historical sent email, not permanent rejection"
"navtor.com","henrik.bergius@navtor.com","2026-09-22","1a0c8a3683fd88e9","recipient_domain_only","Exclude from NEW speculative outreach; historical sent email, not permanent rejection"
"Axiell","jl@axiell.com","2026-09-21","1a0c43591db20e97","cv_attachment_filename","Exclude from NEW speculative outreach; historical sent email, not permanent rejection"
"EcoDataCenter","johan.ostlund@ecodatacenter.se","2026-09-21","1a0c434a7075fd2f","cv_attachment_filename","Exclude from NEW speculative outreach; historical sent email, not permanent rejection"
"Qvantum","fredrik.rosenqvist@qvantum.com","2026-09-21","1a0c434a6d8887ab","cv_attachment_filename","Exclude from NEW speculative outreach; historical sent email, not permanent rejection"
"Rototilt","stefan.bergstrom@rototilt.com","2026-09-21","1a0c434a6c5958fb","cv_attachment_filename","Exclude from NEW speculative outreach; historical sent email, not permanent rejection"
"Gaia_BioMaterials","niklas.rosenkvist@gaiabiomaterials.com","2026-09-21","1a0c434a69b89de3","cv_attachment_filename","Exclude from NEW speculative outreach; historical sent email, not permanent rejection"
"Bona","lidija.brostrom@bona.com","2026-09-21","1a0c434a65c33b90","cv_attachment_filename","Exclude from NEW speculative outreach; historical sent email, not permanent rejection"
"Spiideo","morgan@spiideo.com","2026-09-21","1a0c434a626b25d3","cv_attachment_filename","Exclude from NEW speculative outreach; historical sent email, not permanent rejection"
"MaintMaster","henrik.hagdorn@maintmaster.com","2026-09-21","1a0c434a616d8738","cv_attachment_filename","Exclude from NEW speculative outreach; historical sent email, not permanent rejection"
"DUSTY_DECO","niklas@dustydeco.com","2026-09-21","1a0c433bdfe562d0","cv_attachment_filename","Exclude from NEW speculative outreach; historical sent email, not permanent rejection"
"Syre","dennis.nobelius@syre.com","2026-09-21","1a0c433bde673e47","cv_attachment_filename","Exclude from NEW speculative outreach; historical sent email, not permanent rejection"
"Syre","dennis.nobelius@syre.com","2026-09-21","1a0c433bdd55cb7f","cv_attachment_filename","Exclude from NEW speculative outreach; historical sent email, not permanent rejection"
"Arvid_Nordquist","lisbet.rygolsen@arvidnordquist.se","2026-09-21","1a0c433bdb3cdccc","cv_attachment_filename","Exclude from NEW speculative outreach; historical sent email, not permanent rejection"
"Brick_Technology","emil@brick.tech","2026-09-21","1a0c433bdb0bc248","cv_attachment_filename","Exclude from NEW speculative outreach; historical sent email, not permanent rejection"
"Eir_Insurance","torgrim.lien@eirforsakring.com","2026-09-21","1a0c433bdafae220","cv_attachment_filename","Exclude from NEW speculative outreach; historical sent email, not permanent rejection"
"CME","richard.karam@cmesolutions.se","2026-09-21","1a0c433bdaba735b","cv_attachment_filename","Exclude from NEW speculative outreach; historical sent email, not permanent rejection"
"Voxo","jacob@voxo.ai","2026-09-21","1a0c433bd9e55779","cv_attachment_filename","Exclude from NEW speculative outreach; historical sent email, not permanent rejection"
"Umain","perolav.walmann@umain.com","2026-09-21","1a0c433bd8d0daef","cv_attachment_filename","Exclude from NEW speculative outreach; historical sent email, not permanent rejection"
"Utilifeed","robin@utilifeed.com","2026-09-21","1a0c433bd804e0df","cv_attachment_filename","Exclude from NEW speculative outreach; historical sent email, not permanent rejection"
"Grale","allen@plasticfri.com","2026-09-21","1a0c433bd5686918","cv_attachment_filename","Exclude from NEW speculative outreach; historical sent email, not permanent rejection"
"Swedish_Algae_Factory","sofie@swedishalgaefactory.com","2026-09-21","1a0c433bd4f29bce","cv_attachment_filename","Exclude from NEW speculative outreach; historical sent email, not permanent rejection"
"Insurely","martin@insurely.com","2026-09-21","1a0c433bd4dc43a4","cv_attachment_filename","Exclude from NEW speculative outreach; historical sent email, not permanent rejection"
"Centra","rikard.candell@centra.com","2026-09-21","1a0c433bd4604a72","cv_attachment_filename","Exclude from NEW speculative outreach; historical sent email, not permanent rejection"
"AVTECH_Sweden","philip.nordfeldt@avtech.aero","2026-09-21","1a0c433bd37ab0bd","cv_attachment_filename","Exclude from NEW speculative outreach; historical sent email, not permanent rejection"
"Kisi","bm@getkisi.com","2026-09-21","1a0c433bd2e152ba","cv_attachment_filename","Exclude from NEW speculative outreach; historical sent email, not permanent rejection"
"DMC_Production","paul.henriksen@dmcproduction.com","2026-09-21","1a0c433bd27eef72","cv_attachment_filename","Exclude from NEW speculative outreach; historical sent email, not permanent rejection"
"Indivd","victor@indivd.com","2026-09-21","1a0c433bd22e6651","cv_attachment_filename","Exclude from NEW speculative outreach; historical sent email, not permanent rejection"
"Viking_Analytics","rajet.krishnan@vikinganalytics.se","2026-09-21","1a0c433bd0e116c5","cv_attachment_filename","Exclude from NEW speculative outreach; historical sent email, not permanent rejection"
"Zymego","hampus.edin@zymego.com","2026-09-21","1a0c433bd0cad8b1","cv_attachment_filename","Exclude from NEW speculative outreach; historical sent email, not permanent rejection"
"Medclair_AB","jonas.lundh@medclair.com","2026-09-21","1a0c433bd0985ecb","cv_attachment_filename","Exclude from NEW speculative outreach; historical sent email, not permanent rejection"
"Pacera","michael.teixeira@pacera.com","2026-09-21","1a0c433bd06fb6e0","cv_attachment_filename","Exclude from NEW speculative outreach; historical sent email, not permanent rejection"
"Looper_Textile","lagerblad.erik@loopertextile.com","2026-09-21","1a0c433bcfaa710f","cv_attachment_filename","Exclude from NEW speculative outreach; historical sent email, not permanent rejection"
"Pandy","ebba@pandym2s.com","2026-09-21","1a0c433bcf12ee4c","cv_attachment_filename","Exclude from NEW speculative outreach; historical sent email, not permanent rejection"
"Quinyx","erik.fjellborg@quinyx.com","2026-09-21","1a0c433bced86b6b","cv_attachment_filename","Exclude from NEW speculative outreach; historical sent email, not permanent rejection"
"BROCC","jonathan@brocc.se","2026-09-21","1a0c433bce912cee","cv_attachment_filename","Exclude from NEW speculative outreach; historical sent email, not permanent rejection"
"Grale","allen@plasticfri.com","2026-09-21","1a0c433bccae1c2a","cv_attachment_filename","Exclude from NEW speculative outreach; historical sent email, not permanent rejection"
"Scaffcalc","oskar@scaffcalc.com","2026-09-21","1a0c433bcbf8f70c","cv_attachment_filename","Exclude from NEW speculative outreach; historical sent email, not permanent rejection"
"Quinyx","erik.fjellborg@quinyx.com","2026-09-21","1a0c433bcbd6b171","cv_attachment_filename","Exclude from NEW speculative outreach; historical sent email, not permanent rejection"
"Labino_AB","camilla.fahlstrom@labino.com","2026-09-21","1a0c433bcae4a3c6","cv_attachment_filename","Exclude from NEW speculative outreach; historical sent email, not permanent rejection"
"Kreditz","malin@kreditz.com","2026-09-21","1a0c433bcaa120cc","cv_attachment_filename","Exclude from NEW speculative outreach; historical sent email, not permanent rejection"
"QA_tech","daniel@qa.tech","2026-09-21","1a0c433bca75e9d6","cv_attachment_filename","Exclude from NEW speculative outreach; historical sent email, not permanent rejection"
"Carryline","henrik.eriksson@carryline.se","2026-09-21","1a0c433bca1dfbc5","cv_attachment_filename","Exclude from NEW speculative outreach; historical sent email, not permanent rejection"
"Econans","david.klamer@econans.com","2026-09-21","1a0c433bc9f0830e","cv_attachment_filename","Exclude from NEW speculative outreach; historical sent email, not permanent rejection"
"Dafo_Fomtec_AB","john@fomtec.com","2026-09-21","1a0c433bc912a19f","cv_attachment_filename","Exclude from NEW speculative outreach; historical sent email, not permanent rejection"
"Kustom","jesper.eriksson@kustom.co","2026-09-21","1a0c433bc880f2ab","cv_attachment_filename","Exclude from NEW speculative outreach; historical sent email, not permanent rejection"
"Treyd","peter@treyd.io","2026-09-21","1a0c433bc8347ff0","cv_attachment_filename","Exclude from NEW speculative outreach; historical sent email, not permanent rejection"
"Norna","baman.motivala@norna.ai","2026-09-21","1a0c433bc7c7d54d","cv_attachment_filename","Exclude from NEW speculative outreach; historical sent email, not permanent rejection"
"Sendify","fredrik.edeland@sendify.se","2026-09-21","1a0c433bc6eabea4","cv_attachment_filename","Exclude from NEW speculative outreach; historical sent email, not permanent rejection"
"Digiexam","carl.nardini@digiexam.com","2026-09-21","1a0c433bc5855988","cv_attachment_filename","Exclude from NEW speculative outreach; historical sent email, not permanent rejection"
"Volta_Greentech","fredrik@voltagreentech.com","2026-09-21","1a0c433bc5777187","cv_attachment_filename","Exclude from NEW speculative outreach; historical sent email, not permanent rejection"
"Bjorn_Axen","johan.hellstrom@bjornaxen.se","2026-09-21","1a0c433bc453a447","cv_attachment_filename","Exclude from NEW speculative outreach; historical sent email, not permanent rejection"
"BabyBjorn","fredrik.ohlsson@babybjorn.com","2026-09-21","1a0c433bc34a80ec","cv_attachment_filename","Exclude from NEW speculative outreach; historical sent email, not permanent rejection"
"Estrid","ben@estrid.com","2026-09-21","1a0c433bc326bbb4","cv_attachment_filename","Exclude from NEW speculative outreach; historical sent email, not permanent rejection"
"Dugga_Digital_Assessment","patrik.nilsson@dugga.com","2026-09-21","1a0c433bc314e5f5","cv_attachment_filename","Exclude from NEW speculative outreach; historical sent email, not permanent rejection"
"eMarine","jean-charles.lecuyer@emarine.se","2026-09-21","1a0c433bc267a1fb","cv_attachment_filename","Exclude from NEW speculative outreach; historical sent email, not permanent rejection"
"Envirologic","elin.ringborg@envirologic.se","2026-09-21","1a0c433bc0d11cfd","cv_attachment_filename","Exclude from NEW speculative outreach; historical sent email, not permanent rejection"
"Bazaro","sam@bazaro.io","2026-09-18","1a0b4aaafd8fee71","cv_attachment_filename","Exclude from NEW speculative outreach; historical sent email, not permanent rejection"
"Midbec","per@midbec.se","2026-09-18","1a0b4aaafd6331ff","cv_attachment_filename","Exclude from NEW speculative outreach; historical sent email, not permanent rejection"
"Transportoren","erik.soderstrom@transportoren.se","2026-09-18","1a0b4aaafce4cc3c","cv_attachment_filename","Exclude from NEW speculative outreach; historical sent email, not permanent rejection"
"Tapflo","patrik.johansson@tapflo.com","2026-09-18","1a0b4aaafc5b41c8","cv_attachment_filename","Exclude from NEW speculative outreach; historical sent email, not permanent rejection"
"LeadCaller","jonas@leadcaller.com","2026-09-18","1a0b4aaaf71c775b","cv_attachment_filename","Exclude from NEW speculative outreach; historical sent email, not permanent rejection"
"Norditek","daniel.carlberg@norditek.se","2026-09-18","1a0b4aaaf5afdc25","cv_attachment_filename","Exclude from NEW speculative outreach; historical sent email, not permanent rejection"
"NAVTOR_Nautic","henrik.bergius@navtor.com","2026-09-18","1a0b4aaaef78bf22","cv_attachment_filename","Exclude from NEW speculative outreach; historical sent email, not permanent rejection"
"Runway_Safe","johan.lansberg@runwaysafe.com","2026-09-18","1a0b4aaaed9e3b5c","cv_attachment_filename","Exclude from NEW speculative outreach; historical sent email, not permanent rejection"
"Cerve","dan@cerve.com","2026-09-18","1a0b4aaaebf664ce","cv_attachment_filename","Exclude from NEW speculative outreach; historical sent email, not permanent rejection"
"PS_Finance_Group","eric.winter@psfinancegroup.com","2026-09-18","1a0b4aaaeb6c7e73","cv_attachment_filename","Exclude from NEW speculative outreach; historical sent email, not permanent rejection"
"JC_Kontakter","johnny@jckontakter.se","2026-09-18","1a0b4aaae9bea34b","cv_attachment_filename","Exclude from NEW speculative outreach; historical sent email, not permanent rejection"
"North_Trampoline","olle.goransson@northtrampoline.com","2026-09-18","1a0b4aaae6aada17","cv_attachment_filename","Exclude from NEW speculative outreach; historical sent email, not permanent rejection"
"Pincho_Nation","henrik.fischer@pinchonation.com","2026-09-18","1a0b4aaae5958c70","cv_attachment_filename","Exclude from NEW speculative outreach; historical sent email, not permanent rejection"
"zendev.se","nikola@zendev.se","2026-09-16","1a0aac6ec92d04b2","recipient_domain_only","Exclude from NEW speculative outreach; historical sent email, not permanent rejection"
"zendev.se","nikola@zendev.se","2026-09-14","1a0a041bb452840e","recipient_domain_only","Exclude from NEW speculative outreach; historical sent email, not permanent rejection"
"Milford","demian.zarins@milford.se","2026-09-09","1a0868777d540b20","cv_attachment_filename","Exclude from NEW speculative outreach; historical sent email, not permanent rejection"
"Intric","david.wallen@intric.ai","2026-09-09","1a086877717d80ed","cv_attachment_filename","Exclude from NEW speculative outreach; historical sent email, not permanent rejection"
"Elanders","peter.thyren@elanders.com","2026-09-09","1a0868776f9654bb","cv_attachment_filename","Exclude from NEW speculative outreach; historical sent email, not permanent rejection"
"Frontwalker","jesper.jacquet@frontwalker.se","2026-09-09","1a0868776854de8e","cv_attachment_filename","Exclude from NEW speculative outreach; historical sent email, not permanent rejection"
"Yllw","marcus.berntson@yllw.com","2026-09-09","1a086877652e9da5","cv_attachment_filename","Exclude from NEW speculative outreach; historical sent email, not permanent rejection"
"Intito","lena.lambert@intito.se","2026-09-09","1a0868776516e311","cv_attachment_filename","Exclude from NEW speculative outreach; historical sent email, not permanent rejection"
"Eidra","ozgur.sel@eidra.com","2026-09-09","1a08687763a8b210","cv_attachment_filename","Exclude from NEW speculative outreach; historical sent email, not permanent rejection"
"Kavli","gustav.mellberg@kavli.se","2026-09-09","1a08687760e1676f","cv_attachment_filename","Exclude from NEW speculative outreach; historical sent email, not permanent rejection"
"pophouse.se","jon.spalding@pophouse.se","2026-09-09","1a0854625529e24f","recipient_domain_only","Exclude from NEW speculative outreach; historical sent email, not permanent rejection"
"senab.com","johan.selberg@senab.com","2026-09-09","1a08545db7187798","recipient_domain_only","Exclude from NEW speculative outreach; historical sent email, not permanent rejection"
"gung.se","vishal.ganatra@gung.se","2026-09-09","1a0854571467ce3f","recipient_domain_only","Exclude from NEW speculative outreach; historical sent email, not permanent rejection"
"hydroscand.se","pontus.nygren@hydroscand.se","2026-09-09","1a0854512eafe096","recipient_domain_only","Exclude from NEW speculative outreach; historical sent email, not permanent rejection"
"tbauctions.com","c.rysgaard@tbauctions.com","2026-09-09","1a08544c490b0da8","recipient_domain_only","Exclude from NEW speculative outreach; historical sent email, not permanent rejection"
"aristo.se","dan@aristo.se","2026-09-09","1a085436718ebf25","recipient_domain_only","Exclude from NEW speculative outreach; historical sent email, not permanent rejection"
"treetotextile.com","andreas.nilsson@treetotextile.com","2026-09-09","1a0854308756c8bc","recipient_domain_only","Exclude from NEW speculative outreach; historical sent email, not permanent rejection"
"Soundtrack","ola@soundtrackyourbrand.com","2026-09-08","1a08157f3d97271e","cv_attachment_filename","Exclude from NEW speculative outreach; historical sent email, not permanent rejection"
"Pophouse_Entertainment","jon.spalding@pophouse.se","2026-09-08","1a08157f3d77a677","cv_attachment_filename","Exclude from NEW speculative outreach; historical sent email, not permanent rejection"
"Antaros_Medical","per.hagmar@antarosmedical.com","2026-09-08","1a08157f3af6d930","cv_attachment_filename","Exclude from NEW speculative outreach; historical sent email, not permanent rejection"
"Teletec","john.vayrynen@teletec.se","2026-09-08","1a08157f3a9167c8","cv_attachment_filename","Exclude from NEW speculative outreach; historical sent email, not permanent rejection"
"Cereno_Scientific","julia.fransson@cerenoscientific.com","2026-09-08","1a08157f390d0dd1","cv_attachment_filename","Exclude from NEW speculative outreach; historical sent email, not permanent rejection"
"Unipower","peter.s.andersson@unipower.se","2026-09-08","1a08157f35e2ed5f","cv_attachment_filename","Exclude from NEW speculative outreach; historical sent email, not permanent rejection"
"BICO","mf@bico.com","2026-09-08","1a08157f30a150a1","cv_attachment_filename","Exclude from NEW speculative outreach; historical sent email, not permanent rejection"
"IBI_International","magnus@ibi.se","2026-09-08","1a08157f308aa532","cv_attachment_filename","Exclude from NEW speculative outreach; historical sent email, not permanent rejection"
"WireFlow","hamed.hooshyar@wireflow.com","2026-09-08","1a08157f2cb01fdb","cv_attachment_filename","Exclude from NEW speculative outreach; historical sent email, not permanent rejection"
"Minesto","martin.edlund@minesto.com","2026-09-08","1a08157f2b4d8255","cv_attachment_filename","Exclude from NEW speculative outreach; historical sent email, not permanent rejection"
"Surgical_Science","martin.jansson@surgicalscience.com","2026-09-08","1a08157f249cef64","cv_attachment_filename","Exclude from NEW speculative outreach; historical sent email, not permanent rejection"
"Berg_Insight","johan.fagerberg@berginsight.com","2026-09-08","1a08157f218405ba","cv_attachment_filename","Exclude from NEW speculative outreach; historical sent email, not permanent rejection"
"Safe_Life","jimmy.eriksson@safelife.se","2026-09-07","1a07c5ad0bb70cc2","cv_attachment_filename","Exclude from NEW speculative outreach; historical sent email, not permanent rejection"
"SciBase","pia.renaudin@scibase.com","2026-09-07","1a07c5ab7b3bf922","cv_attachment_filename","Exclude from NEW speculative outreach; historical sent email, not permanent rejection"
"OXE_Marine","paul.frick@oxemarine.com","2026-09-07","1a07c5a9f7585898","cv_attachment_filename","Exclude from NEW speculative outreach; historical sent email, not permanent rejection"
"Hydroscand","pontus.nygren@hydroscand.se","2026-09-07","1a07c5a6feed7bed","cv_attachment_filename","Exclude from NEW speculative outreach; historical sent email, not permanent rejection"
"Nimlas_Group","christoffer.jarkeborn@nimlasgroup.com","2026-09-07","1a07c5a582393a4c","cv_attachment_filename","Exclude from NEW speculative outreach; historical sent email, not permanent rejection"
"Ramudden_Global","morten.finslo@ramuddenglobal.com","2026-09-07","1a07c5a2bd281e65","cv_attachment_filename","Exclude from NEW speculative outreach; historical sent email, not permanent rejection"
"Potentialpark","torgil@potentialpark.com","2026-09-07","1a07c59ed4fcbb72","cv_attachment_filename","Exclude from NEW speculative outreach; historical sent email, not permanent rejection"
"Novatron_Fusion","philip.vonsegebaden@novatronfusion.com","2026-09-07","1a07c5989a6057dd","cv_attachment_filename","Exclude from NEW speculative outreach; historical sent email, not permanent rejection"
"Ovzon","pno@ovzon.com","2026-09-07","1a07c5949dd85eee","cv_attachment_filename","Exclude from NEW speculative outreach; historical sent email, not permanent rejection"
"DEMA","marcus@dema.ai","2026-09-07","1a07c03d1fedccca","cv_attachment_filename","Exclude from NEW speculative outreach; historical sent email, not permanent rejection"
"Stockholms_Auktionsverk","cecilia.gave@stockholmsauktionsverk.com","2026-09-07","1a07c03d1cc55f0c","cv_attachment_filename","Exclude from NEW speculative outreach; historical sent email, not permanent rejection"
"Gung","vishal.ganatra@gung.se","2026-09-07","1a07c03d1983372d","cv_attachment_filename","Exclude from NEW speculative outreach; historical sent email, not permanent rejection"
"Future_Eyewear_Group","peter.larsson@future.se","2026-09-07","1a07c03d10e88020","cv_attachment_filename","Exclude from NEW speculative outreach; historical sent email, not permanent rejection"
"Sigma_Technology_Digital_Solutions","anna.lantz@sigmatechnology.com","2026-09-07","1a07c03d0c569026","cv_attachment_filename","Exclude from NEW speculative outreach; historical sent email, not permanent rejection"
"Avy","joacim.gustafsson@avy.se","2026-09-07","1a07c03d0b04d6d9","cv_attachment_filename","Exclude from NEW speculative outreach; historical sent email, not permanent rejection"
"EPD_International","sebastiaan.stiller@environdec.com","2026-09-07","1a07c03d099247d3","cv_attachment_filename","Exclude from NEW speculative outreach; historical sent email, not permanent rejection"
"The_Nutriment_Company","remi.selbach@nutriment.com","2026-09-07","1a07c03d07737ee5","cv_attachment_filename","Exclude from NEW speculative outreach; historical sent email, not permanent rejection"
"Senab","johan.selberg@senab.com","2026-09-07","1a07c03d0510bc75","cv_attachment_filename","Exclude from NEW speculative outreach; historical sent email, not permanent rejection"
"PS_Auction","c.rysgaard@tbauctions.com","2026-09-07","1a07c03d01675ee0","cv_attachment_filename","Exclude from NEW speculative outreach; historical sent email, not permanent rejection"
"CV_STEMMER_IMAGING","r.hatala@stemmer-imaging.com","2026-09-04","1a06cf972e48e3e4","cv_attachment_filename","Exclude from NEW speculative outreach; historical sent email, not permanent rejection"
"RECCO","paul.rosenquist@recco.com","2026-09-04","1a06c8fd3f0c1fe1","cv_attachment_filename","Exclude from NEW speculative outreach; historical sent email, not permanent rejection"
"Renew_Group_Sweden","janinge@renew.se","2026-09-04","1a06c8fd3ea1d0a3","cv_attachment_filename","Exclude from NEW speculative outreach; historical sent email, not permanent rejection"
"POC","natasha.pack@poc.com","2026-09-04","1a06c8fd3e44e286","cv_attachment_filename","Exclude from NEW speculative outreach; historical sent email, not permanent rejection"
"Fjaras","mikael.grunden@fjaraskupan.se","2026-09-04","1a06c8fd3cff89da","cv_attachment_filename","Exclude from NEW speculative outreach; historical sent email, not permanent rejection"
"Aristo","dan@aristo.se","2026-09-04","1a06c8fd2ec7679c","cv_attachment_filename","Exclude from NEW speculative outreach; historical sent email, not permanent rejection"
"TreeToTextile","andreas.nilsson@treetotextile.com","2026-09-04","1a06c8fd26748b44","cv_attachment_filename","Exclude from NEW speculative outreach; historical sent email, not permanent rejection"
"Unaro_Nordic","pernilla.molander@unaronordic.com","2026-09-04","1a06c8fd26631279","cv_attachment_filename","Exclude from NEW speculative outreach; historical sent email, not permanent rejection"
"Pacera","daniel.mathew@pacera.com","2026-09-04","1a06c8fd2391f79b","cv_attachment_filename","Exclude from NEW speculative outreach; historical sent email, not permanent rejection"
"xano.se","matz.svensson@xano.se","2026-09-04","1a06c8bd928d0496","recipient_domain_only","Exclude from NEW speculative outreach; historical sent email, not permanent rejection"
"ingrid.com","madelen.menning@ingrid.com","2026-09-04","1a06c8a6dc14cab7","recipient_domain_only","Exclude from NEW speculative outreach; historical sent email, not permanent rejection"
"carcosweden.se","per@carcosweden.se","2026-09-04","1a06c81a389428c1","recipient_domain_only","Exclude from NEW speculative outreach; historical sent email, not permanent rejection"
"Lagercrantz_Group","elisabet.alander@lagercrantz.com","2026-09-03","1a0676977ef4dbd3","cv_attachment_filename","Exclude from NEW speculative outreach; historical sent email, not permanent rejection"
"Polygiene","haymo.strubel@polygiene.com","2026-09-03","1a0676977de1cc4f","cv_attachment_filename","Exclude from NEW speculative outreach; historical sent email, not permanent rejection"
"VBG_Group","anders.erken@vbggroup.com","2026-09-03","1a0676977b21aee4","cv_attachment_filename","Exclude from NEW speculative outreach; historical sent email, not permanent rejection"
"Nederman_Group","zacharias.fransson@nederman.se","2026-09-03","1a067697798e102b","cv_attachment_filename","Exclude from NEW speculative outreach; historical sent email, not permanent rejection"
"QleanAir","sebastian.lindstrom@qleanair.com","2026-09-03","1a06769778eedfb6","cv_attachment_filename","Exclude from NEW speculative outreach; historical sent email, not permanent rejection"
"Lindab_Group","joakim.lonnberg@lindab.se","2026-09-03","1a06769777c728b6","cv_attachment_filename","Exclude from NEW speculative outreach; historical sent email, not permanent rejection"
"Bufab_Group","johan.sandberg@bufab.com","2026-09-03","1a06769775058713","cv_attachment_filename","Exclude from NEW speculative outreach; historical sent email, not permanent rejection"
"Bergman_Beving","jan.lundmark@bb.se","2026-09-03","1a0676976f70b975","cv_attachment_filename","Exclude from NEW speculative outreach; historical sent email, not permanent rejection"
"OrganoClick","marten.hellberg@organoclick.com","2026-09-03","1a0676976e5150d4","cv_attachment_filename","Exclude from NEW speculative outreach; historical sent email, not permanent rejection"
"Pierce_Group","goran.dahlin@piercegroup.com","2026-09-03","1a0676976e468be3","cv_attachment_filename","Exclude from NEW speculative outreach; historical sent email, not permanent rejection"
"OEM_Electronics","hannes.karlsson@oemelectronics.se","2026-09-03","1a06769769edb6af","cv_attachment_filename","Exclude from NEW speculative outreach; historical sent email, not permanent rejection"
"XANO_Industri","matz.svensson@xano.se","2026-09-03","1a06769767017ed0","cv_attachment_filename","Exclude from NEW speculative outreach; historical sent email, not permanent rejection"
"EFG_European_Furniture_Group","eleonore.ljungblad@efg.se","2026-09-03","1a06769764e3300b","cv_attachment_filename","Exclude from NEW speculative outreach; historical sent email, not permanent rejection"
"Mips","max.strandwitz@mipsprotection.com","2026-09-03","1a0676976434591b","cv_attachment_filename","Exclude from NEW speculative outreach; historical sent email, not permanent rejection"
"Gotessons","john@gotessons.se","2026-09-03","1a067697627d8672","cv_attachment_filename","Exclude from NEW speculative outreach; historical sent email, not permanent rejection"
"Fagerhult_Group","michael.bruer@fagerhultgroup.com","2026-09-03","1a066ecf3792501e","cv_attachment_filename","Exclude from NEW speculative outreach; historical sent email, not permanent rejection"
"Westermo","erik.danielsson@westermo.com","2026-09-03","1a066ecf366eed20","cv_attachment_filename","Exclude from NEW speculative outreach; historical sent email, not permanent rejection"
"Troax_Group","edward.finch@troax.com","2026-09-03","1a066ecf339712f7","cv_attachment_filename","Exclude from NEW speculative outreach; historical sent email, not permanent rejection"
"Palats","per@palats.io","2026-08-27","1a0425e6f6125012","cv_attachment_filename","Exclude from NEW speculative outreach; historical sent email, not permanent rejection"
"MagiCAD","samuel.lyredal@magicad.com","2026-08-24","1a035909727ce678","cv_attachment_filename","Exclude from NEW speculative outreach; historical sent email, not permanent rejection"
"zendev","nikola@zendev.se","2026-08-24","1a0347fe9ddcd1fd","cv_attachment_filename","Exclude from NEW speculative outreach; historical sent email, not permanent rejection"
"Wallmek","gerald.riessland@wallmek.se","2026-08-24","1a0347ef42fe048e","cv_attachment_filename","Exclude from NEW speculative outreach; historical sent email, not permanent rejection"
"ES_Group","fs@esgroup.co","2026-08-24","1a033558c1d67736","cv_attachment_filename","Exclude from NEW speculative outreach; historical sent email, not permanent rejection"
"Millow","fredrik@millow.co","2026-08-24","1a033554b7ead60e","cv_attachment_filename","Exclude from NEW speculative outreach; historical sent email, not permanent rejection"
"Hypocampus","hampus@hypocampus.se","2026-08-24","1a03355178e61ae1","cv_attachment_filename","Exclude from NEW speculative outreach; historical sent email, not permanent rejection"
"Carco_Sweden","per@carcosweden.se","2026-08-24","1a03354e17532d33","cv_attachment_filename","Exclude from NEW speculative outreach; historical sent email, not permanent rejection"
"Carmenta_Geospatial_Technologies","morad.elamrani@carmenta.com","2026-08-24","1a03354a1026e235","cv_attachment_filename","Exclude from NEW speculative outreach; historical sent email, not permanent rejection"
"Airpelago","felix.karlsson@airpelago.com","2026-08-24","1a033544742b118f","cv_attachment_filename","Exclude from NEW speculative outreach; historical sent email, not permanent rejection"
"tengtools.com","stian.strom@tengtools.com","2026-08-24","1a03352c1250b2b3","recipient_domain_only","Exclude from NEW speculative outreach; historical sent email, not permanent rejection"
"stille.se","louise.cavalli@stille.se","2026-08-24","1a0334fc4ac508d9","recipient_domain_only","Exclude from NEW speculative outreach; historical sent email, not permanent rejection"
"aarke.com","anders@aarke.com","2026-08-24","1a0334ed40a46554","recipient_domain_only","Exclude from NEW speculative outreach; historical sent email, not permanent rejection"
"lumenradio.com","hans.larsson@lumenradio.com","2026-08-24","1a0334dcde3cd503","recipient_domain_only","Exclude from NEW speculative outreach; historical sent email, not permanent rejection"
"pulpac.com","sanna.fager@pulpac.com","2026-08-24","1a0334c6fb55f5fc","recipient_domain_only","Exclude from NEW speculative outreach; historical sent email, not permanent rejection"
"storaenso.com","daniel.orengard@storaenso.com","2026-08-24","1a0334b51913982a","recipient_domain_only","Exclude from NEW speculative outreach; historical sent email, not permanent rejection"
"cemvision.se","oscar.hallen@cemvision.se","2026-08-19","1a01b779ae509898","recipient_domain_only","Exclude from NEW speculative outreach; historical sent email, not permanent rejection"
"berlex.se","madeleine.fritz@berlex.se","2026-08-19","1a01b759a2ee87ee","recipient_domain_only","Exclude from NEW speculative outreach; historical sent email, not permanent rejection"
"hasselblad.com","mona.thor@hasselblad.com","2026-08-19","1a01b6443e8cbb05","recipient_domain_only","Exclude from NEW speculative outreach; historical sent email, not permanent rejection"
"embellencegroup.com","emelie.lovebrant@embellencegroup.com","2026-08-17","1a00ea7b661c9960","recipient_domain_only","Exclude from NEW speculative outreach; historical sent email, not permanent rejection"
"Stora_Enso","daniel.orengard@storaenso.com","2026-08-17","1a00ea76d15fad56","cv_attachment_filename","Exclude from NEW speculative outreach; historical sent email, not permanent rejection"
"palats.io","henrik@palats.io","2026-08-17","1a00ea6957f3702b","recipient_domain_only","Exclude from NEW speculative outreach; historical sent email, not permanent rejection"
"provexa.com","staffan.marklund@provexa.com","2026-08-17","1a00e68852ccf63c","recipient_domain_only","Exclude from NEW speculative outreach; historical sent email, not permanent rejection"
"voyado.com","erica.sandelin@voyado.com","2026-08-17","1a00e67b99c9f95d","recipient_domain_only","Exclude from NEW speculative outreach; historical sent email, not permanent rejection"
"aritco.com","ida.lindvall@aritco.com","2026-08-17","1a00e672a95c9a9c","recipient_domain_only","Exclude from NEW speculative outreach; historical sent email, not permanent rejection"
"devyser.com","ir@devyser.com","2026-08-17","1a00e66ee70b25fb","recipient_domain_only","Exclude from NEW speculative outreach; historical sent email, not permanent rejection"
"reac.se","erik.ahnberg@reac.se","2026-08-17","1a00e6607b5cef2e","recipient_domain_only","Exclude from NEW speculative outreach; historical sent email, not permanent rejection"
"hultsteins.com","fredrik.mouchard@hultsteins.com","2026-08-17","1a00e65688764096","recipient_domain_only","Exclude from NEW speculative outreach; historical sent email, not permanent rejection"
"matting.se","henrik.botha@matting.se","2026-08-17","1a00e6517f63f154","recipient_domain_only","Exclude from NEW speculative outreach; historical sent email, not permanent rejection"
"smartcraft.com","jeremias.jansson@smartcraft.com","2026-08-17","1a00e64a0d112612","recipient_domain_only","Exclude from NEW speculative outreach; historical sent email, not permanent rejection"
"baux.se","fredrik@baux.se","2026-08-17","1a00e645f558183e","recipient_domain_only","Exclude from NEW speculative outreach; historical sent email, not permanent rejection"
"idunminerals.com","caroline.thunstedt@idunminerals.com","2026-08-17","1a00e64265b53744","recipient_domain_only","Exclude from NEW speculative outreach; historical sent email, not permanent rejection"
"mitab.se","peter.torstensson@mitab.se","2026-08-17","1a00e63ece46a43c","recipient_domain_only","Exclude from NEW speculative outreach; historical sent email, not permanent rejection"
"osterbergsfm.se","sofia.zachrisson@osterbergsfm.se","2026-08-17","1a00e63a2339347a","recipient_domain_only","Exclude from NEW speculative outreach; historical sent email, not permanent rejection"
"swegreen.se","marcin.malinowski@swegreen.se","2026-08-17","1a00e62103030126","recipient_domain_only","Exclude from NEW speculative outreach; historical sent email, not permanent rejection"
"gapwaves.com","jonas.ehinger@gapwaves.com","2026-08-17","1a00e59e594d29a0","recipient_domain_only","Exclude from NEW speculative outreach; historical sent email, not permanent rejection"
"fortex.se","evelina.celec@fortex.se","2026-08-17","1a00e55958455788","recipient_domain_only","Exclude from NEW speculative outreach; historical sent email, not permanent rejection"
"tengtools.com","stian.strom@tengtools.com","2026-08-17","1a00e54b86049682","recipient_domain_only","Exclude from NEW speculative outreach; historical sent email, not permanent rejection"
"bettershelter.org","glenn.jusnes@bettershelter.org","2026-08-17","1a00e54326c51bf9","recipient_domain_only","Exclude from NEW speculative outreach; historical sent email, not permanent rejection"
"qleanair.com","sofie.lundgren@qleanair.com","2026-08-17","1a00e537f490731c","recipient_domain_only","Exclude from NEW speculative outreach; historical sent email, not permanent rejection"
"Younium","martin.kaver@younium.com","2026-08-12","19ff666cdeca0ce0","cv_attachment_filename","Exclude from NEW speculative outreach; historical sent email, not permanent rejection"
"Billogram","soren.steckmest@billogram.com","2026-08-12","19ff666cdd878ca1","cv_attachment_filename","Exclude from NEW speculative outreach; historical sent email, not permanent rejection"
"Voyado","erica.sandelin@voyado.com","2026-08-12","19ff666cda7e13f8","cv_attachment_filename","Exclude from NEW speculative outreach; historical sent email, not permanent rejection"
"Funnel","fredrik@funnel.io","2026-08-12","19ff666cd99e2610","cv_attachment_filename","Exclude from NEW speculative outreach; historical sent email, not permanent rejection"
"Bannerflow","daniel.angvik@bannerflow.com","2026-08-12","19ff666cd4f6670a","cv_attachment_filename","Exclude from NEW speculative outreach; historical sent email, not permanent rejection"
"Mavenoid","gmiliauskas@mavenoid.com","2026-08-12","19ff666cd1d99a98","cv_attachment_filename","Exclude from NEW speculative outreach; historical sent email, not permanent rejection"
"Hem","petrus@hem.com","2026-08-12","19ff666cce79f8e8","cv_attachment_filename","Exclude from NEW speculative outreach; historical sent email, not permanent rejection"
"Mockberg","charlie@mockberg.com","2026-08-12","19ff666cc8cbdac8","cv_attachment_filename","Exclude from NEW speculative outreach; historical sent email, not permanent rejection"
"String_Furniture","jens@stringfurniture.com","2026-08-12","19ff666cc8a4e04d","cv_attachment_filename","Exclude from NEW speculative outreach; historical sent email, not permanent rejection"
"Aritco","ida.lindvall@aritco.com","2026-08-12","19ff666cc7af7950","cv_attachment_filename","Exclude from NEW speculative outreach; historical sent email, not permanent rejection"
"Ingrid","madelen.menning@ingrid.com","2026-08-12","19ff666cc3efe872","cv_attachment_filename","Exclude from NEW speculative outreach; historical sent email, not permanent rejection"
"St1_Biokraft","sohrab.moshiri@st1biokraft.com","2026-08-12","19ff6431797784de","cv_attachment_filename","Exclude from NEW speculative outreach; historical sent email, not permanent rejection"
"QleanAir","sofie.lundgren@qleanair.com","2026-08-12","19ff643174ab9216","cv_attachment_filename","Exclude from NEW speculative outreach; historical sent email, not permanent rejection"
"GreenIron","tanja.ilic@greeniron.se","2026-08-12","19ff6431717a86b1","cv_attachment_filename","Exclude from NEW speculative outreach; historical sent email, not permanent rejection"
"REAC_Group","erik.ahnberg@reac.se","2026-08-12","19ff6431676f3ff7","cv_attachment_filename","Exclude from NEW speculative outreach; historical sent email, not permanent rejection"
"TORNUM","jerker.soderholm@tornumgroup.com","2026-08-12","19ff64316100f50d","cv_attachment_filename","Exclude from NEW speculative outreach; historical sent email, not permanent rejection"
"IDUN_Minerals","caroline.thunstedt@idunminerals.com","2026-08-11","19ff13cc7dcd5bd7","cv_attachment_filename","Exclude from NEW speculative outreach; historical sent email, not permanent rejection"
"Fameco","fredrik.schultz@fameco.se","2026-08-11","19ff13cc792dc602","cv_attachment_filename","Exclude from NEW speculative outreach; historical sent email, not permanent rejection"
"Scrive","jonatan.schultz@scrive.com","2026-08-11","19ff13cc76e423c7","cv_attachment_filename","Exclude from NEW speculative outreach; historical sent email, not permanent rejection"
"BAUX","fredrik@baux.com","2026-08-11","19ff13cc7526f9ff","cv_attachment_filename","Exclude from NEW speculative outreach; historical sent email, not permanent rejection"
"Embellence_Group","johan.andgren@embellencegroup.com","2026-08-11","19ff13cc722c1ec6","cv_attachment_filename","Exclude from NEW speculative outreach; historical sent email, not permanent rejection"
"Tingstad","mats.karlsson@tingstad.se","2026-08-11","19ff13cc6c24b61a","cv_attachment_filename","Exclude from NEW speculative outreach; historical sent email, not permanent rejection"
"Nordic_Knots","fab@nordicknots.com","2026-08-11","19ff13cc6846d738","cv_attachment_filename","Exclude from NEW speculative outreach; historical sent email, not permanent rejection"
"CAIA_Cosmetics","kieran@caiacosmetics.com","2026-08-11","19ff13cc65d857eb","cv_attachment_filename","Exclude from NEW speculative outreach; historical sent email, not permanent rejection"
"Steamery","raphael@steamery.se","2026-08-11","19ff13cc656e9b53","cv_attachment_filename","Exclude from NEW speculative outreach; historical sent email, not permanent rejection"
"Aarke","anders@aarke.com","2026-08-11","19ff13cc6208a70d","cv_attachment_filename","Exclude from NEW speculative outreach; historical sent email, not permanent rejection"
"SteelTech","peter.goransson@steeltech.se","2026-08-11","19ff13cc601aae8c","cv_attachment_filename","Exclude from NEW speculative outreach; historical sent email, not permanent rejection"
"Berlex","madeleine.fritz@berlex.se","2026-08-11","19ff12f0bd71d174","cv_attachment_filename","Exclude from NEW speculative outreach; historical sent email, not permanent rejection"
"ETP_Transmission","niclas.rosberg@etp.se","2026-08-11","19ff12f0b2165fd1","cv_attachment_filename","Exclude from NEW speculative outreach; historical sent email, not permanent rejection"
"Provexa","staffan.marklund@provexa.com","2026-08-11","19ff12f0b03cd177","cv_attachment_filename","Exclude from NEW speculative outreach; historical sent email, not permanent rejection"
"Better_Shelter","glenn.jusnes@bettershelter.org","2026-08-11","19ff12f0a6749b5f","cv_attachment_filename","Exclude from NEW speculative outreach; historical sent email, not permanent rejection"
"PetroBio","daniel.persson@petrobio.se","2026-08-11","19ff12f0a2adeb67","cv_attachment_filename","Exclude from NEW speculative outreach; historical sent email, not permanent rejection"
"Corona_Control","lennart.pihl@corona-control.se","2026-08-11","19ff12f0a24a33c0","cv_attachment_filename","Exclude from NEW speculative outreach; historical sent email, not permanent rejection"
"Lingio","yashar@lingio.com","2026-08-11","19ff11e916744875","cv_attachment_filename","Exclude from NEW speculative outreach; historical sent email, not permanent rejection"
"Bryntum","mats@bryntum.com","2026-08-11","19ff11e90a9ccbf5","cv_attachment_filename","Exclude from NEW speculative outreach; historical sent email, not permanent rejection"
"Matting","henrik.botha@matting.se","2026-08-11","19ff11ae7e99433f","cv_attachment_filename","Exclude from NEW speculative outreach; historical sent email, not permanent rejection"
"Metrum_Sweden","op@metrum.se","2026-08-11","19ff11ae7c030e92","cv_attachment_filename","Exclude from NEW speculative outreach; historical sent email, not permanent rejection"
"Walley","josef.bosaeus@walley.se","2026-08-11","19ff11ae7a6fa3ce","cv_attachment_filename","Exclude from NEW speculative outreach; historical sent email, not permanent rejection"
"Hultdins","tobias.bodenlundberg@hultdins.se","2026-08-11","19ff11ae798e5022","cv_attachment_filename","Exclude from NEW speculative outreach; historical sent email, not permanent rejection"
"Aura_Cloud","tommi@auracloud.com","2026-08-11","19ff11ae6e9f937e","cv_attachment_filename","Exclude from NEW speculative outreach; historical sent email, not permanent rejection"
"Easyfairs_Nordic","henrik.johansson@easyfairs.com","2026-08-11","19ff11ae6da129ee","cv_attachment_filename","Exclude from NEW speculative outreach; historical sent email, not permanent rejection"
"Hultsteins","fredrik.mouchard@hultsteins.com","2026-08-11","19ff11ae610bcb1a","cv_attachment_filename","Exclude from NEW speculative outreach; historical sent email, not permanent rejection"
"Extenda_Retail","wim.kroes@extendaretail.com","2026-08-10","19febf65faba0376","cv_attachment_filename","Exclude from NEW speculative outreach; historical sent email, not permanent rejection"
"SweGreen","marcin.malinowski@swegreen.se","2026-08-10","19febf65f81b6e43","cv_attachment_filename","Exclude from NEW speculative outreach; historical sent email, not permanent rejection"
"ScanBox","johan.olsson@scanbox.se","2026-08-10","19febf65f3160568","cv_attachment_filename","Exclude from NEW speculative outreach; historical sent email, not permanent rejection"
"PODAB","roberth.carlsson@podab.com","2026-08-10","19febf65f0d48772","cv_attachment_filename","Exclude from NEW speculative outreach; historical sent email, not permanent rejection"
"Fagerberg","patrik.jansson@fagerberg.se","2026-08-10","19febf65efb4bba3","cv_attachment_filename","Exclude from NEW speculative outreach; historical sent email, not permanent rejection"
"Bolon","annica.eklund@bolon.com","2026-08-10","19febf65ef632837","cv_attachment_filename","Exclude from NEW speculative outreach; historical sent email, not permanent rejection"
"MITAB","peter.torstensson@mitab.se","2026-08-10","19febf65ed00e1f0","cv_attachment_filename","Exclude from NEW speculative outreach; historical sent email, not permanent rejection"
"Osterbergs_Forpackningsmaskiner","sofia.zachrisson@osterbergsfm.se","2026-08-10","19febf65e9e901d7","cv_attachment_filename","Exclude from NEW speculative outreach; historical sent email, not permanent rejection"
"TengTools","stian.strom@tengtools.com","2026-08-10","19febf65e9a492c3","cv_attachment_filename","Exclude from NEW speculative outreach; historical sent email, not permanent rejection"
"Milleteknik","denis.vandija@milleteknik.se","2026-08-10","19febf65e683bb38","cv_attachment_filename","Exclude from NEW speculative outreach; historical sent email, not permanent rejection"
"Petbuddy_Group","johanna@petbuddygroup.com","2026-08-10","19febf65e4911820","cv_attachment_filename","Exclude from NEW speculative outreach; historical sent email, not permanent rejection"
"ElectroHeat","lisa.lundstrom@electroheat.se","2026-08-10","19febf65e1da6753","cv_attachment_filename","Exclude from NEW speculative outreach; historical sent email, not permanent rejection"
"PiiGAB","daniel.andersson@piigab.se","2026-08-10","19febf65e10dd6cb","cv_attachment_filename","Exclude from NEW speculative outreach; historical sent email, not permanent rejection"
"Echandia","ayla.korlof@echandia.com","2026-08-10","19febf65e06fffe0","cv_attachment_filename","Exclude from NEW speculative outreach; historical sent email, not permanent rejection"
"Learnifier","mattias.borg@learnifier.com","2026-08-10","19febf3a1f03b4ce","cv_attachment_filename","Exclude from NEW speculative outreach; historical sent email, not permanent rejection"
"Humly","anders.karlsson@humly.com","2026-08-10","19febf3a10cab5b3","cv_attachment_filename","Exclude from NEW speculative outreach; historical sent email, not permanent rejection"
"Kodiak_Hub","malin.schmidt@kodiakhub.com","2026-08-10","19febf3a04c9be15","cv_attachment_filename","Exclude from NEW speculative outreach; historical sent email, not permanent rejection"
"Netmore_Group","andreas.stenhager@netmoregroup.com","2026-08-10","19febd8294b40bcd","cv_attachment_filename","Exclude from NEW speculative outreach; historical sent email, not permanent rejection"
"Centuri","jonas.ljungwald@centuri.se","2026-08-10","19febd8288a678fb","cv_attachment_filename","Exclude from NEW speculative outreach; historical sent email, not permanent rejection"
"Occtoo","niclas.mollin@occtoo.com","2026-08-10","19febd8283961753","cv_attachment_filename","Exclude from NEW speculative outreach; historical sent email, not permanent rejection"
"NJIE_Foods","assan.njie@njie.com","2026-08-07","19fdbca456921b98","cv_attachment_filename","Exclude from NEW speculative outreach; historical sent email, not permanent rejection"
"pmchydraulics.com","mikael.lundgren@pmchydraulics.com","2026-08-07","19fdb0bd361012cd","recipient_domain_only","Exclude from NEW speculative outreach; historical sent email, not permanent rejection"
"allgon.com","l.nyquist-evenrud@allgon.com","2026-08-06","19fd8c1c0ff1bdb3","recipient_domain_only","Exclude from NEW speculative outreach; historical sent email, not permanent rejection"
"hecksher.com","patrik.rossberger@hecksher.com","2026-08-06","19fd8c145fcfc9b5","recipient_domain_only","Exclude from NEW speculative outreach; historical sent email, not permanent rejection"
"svedbergsgroup.com","per-arne.andersson@svedbergsgroup.com","2026-08-06","19fd8bffbcf18e62","recipient_domain_only","Exclude from NEW speculative outreach; historical sent email, not permanent rejection"
"Ferroman","havard.hansen@ferroman.com","2026-08-05","19fd22c81e1a7fb5","cv_attachment_filename","Exclude from NEW speculative outreach; historical sent email, not permanent rejection"
"Nordic_Fastening_Group","jesper.johnsson@nfgab.se","2026-08-05","19fd22c81bf7ba7d","cv_attachment_filename","Exclude from NEW speculative outreach; historical sent email, not permanent rejection"
"Safe_at_Site","ted.sundberg@safeatsite.com","2026-08-05","19fd22c81b673684","cv_attachment_filename","Exclude from NEW speculative outreach; historical sent email, not permanent rejection"
"Conaxess_Trade","martin.swanstrom@conaxesstrade.com","2026-08-05","19fd22c81b2d19b4","cv_attachment_filename","Exclude from NEW speculative outreach; historical sent email, not permanent rejection"
"Retriever","robert.soderling@retriever.se","2026-08-05","19fd22c818b4aae0","cv_attachment_filename","Exclude from NEW speculative outreach; historical sent email, not permanent rejection"
"Galatea","fredrik.olin@galatea.se","2026-08-05","19fd22c818412a59","cv_attachment_filename","Exclude from NEW speculative outreach; historical sent email, not permanent rejection"
"Orrefors_Kosta_Boda","remco.snoeck@orrefors.se","2026-08-05","19fd22c817b4e177","cv_attachment_filename","Exclude from NEW speculative outreach; historical sent email, not permanent rejection"
"Witre_Manutan","lars.karjalainen@witre.se","2026-08-05","19fd22c81653b485","cv_attachment_filename","Exclude from NEW speculative outreach; historical sent email, not permanent rejection"
"Nord-Lock_Group","christoffer.karlsson@nord-lock.com","2026-08-05","19fd22c814eec9df","cv_attachment_filename","Exclude from NEW speculative outreach; historical sent email, not permanent rejection"
"GOT_Design","niklas.bodin@gotdesign.se","2026-08-05","19fd22c8118b3f77","cv_attachment_filename","Exclude from NEW speculative outreach; historical sent email, not permanent rejection"
"Stena_RoRo","per.westling@stena.com","2026-08-05","19fd22c8117467f6","cv_attachment_filename","Exclude from NEW speculative outreach; historical sent email, not permanent rejection"
"Jaktia","sebastian.slettengren@jaktia.se","2026-08-05","19fd22c80cf46454","cv_attachment_filename","Exclude from NEW speculative outreach; historical sent email, not permanent rejection"
"Lammhults_Design_Group","susanna.hilleskog@lammhultsdesigngroup.com","2026-08-05","19fd22c808b17122","cv_attachment_filename","Exclude from NEW speculative outreach; historical sent email, not permanent rejection"
"Sirocco_Group","laith.al-hashimi@siroccogroup.com","2026-08-05","19fd22c807f169e8","cv_attachment_filename","Exclude from NEW speculative outreach; historical sent email, not permanent rejection"
"Textalk","jens@abicart.se","2026-08-05","19fd22c805a2ed85","cv_attachment_filename","Exclude from NEW speculative outreach; historical sent email, not permanent rejection"
"Svedbergs_Group","per-arne.andersson@svedbergsgroup.com","2026-08-05","19fd22c8053d1ab3","cv_attachment_filename","Exclude from NEW speculative outreach; historical sent email, not permanent rejection"
"Modular_Finance","johannes.wellmann@modularfinance.com","2026-08-05","19fd22c803373f76","cv_attachment_filename","Exclude from NEW speculative outreach; historical sent email, not permanent rejection"
"360Player","leo@360player.com","2026-08-05","19fd22c801608504","cv_attachment_filename","Exclude from NEW speculative outreach; historical sent email, not permanent rejection"
"PMC_Hydraulics","mikael.lundgren@pmchydraulics.com","2026-08-05","19fd22c8011be5b6","cv_attachment_filename","Exclude from NEW speculative outreach; historical sent email, not permanent rejection"
"SmartCraft","jeremias.jansson@smartcraft.com","2026-08-05","19fd22c80038b5c4","cv_attachment_filename","Exclude from NEW speculative outreach; historical sent email, not permanent rejection"
"marinfloc.com","ola@marinfloc.com","2026-08-05","19fd19627a8b1a7b","recipient_domain_only","Exclude from NEW speculative outreach; historical sent email, not permanent rejection"
"centiglobe.com","sofi.hakanson@centiglobe.com","2026-08-05","19fd195778a23e18","recipient_domain_only","Exclude from NEW speculative outreach; historical sent email, not permanent rejection"
"kognic.com","jon.jaleby@kognic.com","2026-08-05","19fd194feec57074","recipient_domain_only","Exclude from NEW speculative outreach; historical sent email, not permanent rejection"
"consat.se","par.thuresson@consat.se","2026-08-05","19fd193ced907fc1","recipient_domain_only","Exclude from NEW speculative outreach; historical sent email, not permanent rejection"
"carboncloud.com","david.bryngelsson@carboncloud.com","2026-08-05","19fd0dccbdb26e25","recipient_domain_only","Exclude from NEW speculative outreach; historical sent email, not permanent rejection"
"NTEX","tobias.rindevall@ntex.com","2026-08-04","19fcd3043bfc7c50","cv_attachment_filename","Exclude from NEW speculative outreach; historical sent email, not permanent rejection"
"Qualisys","fredrik.muller@qualisys.com","2026-08-04","19fcd3043a6fcf3f","cv_attachment_filename","Exclude from NEW speculative outreach; historical sent email, not permanent rejection"
"Qred","jason.francis@qred.com","2026-08-04","19fcd30439b776c7","cv_attachment_filename","Exclude from NEW speculative outreach; historical sent email, not permanent rejection"
"CtrlPrint","jonas.karlsson@ctrlprint.se","2026-08-04","19fcd30436725388","cv_attachment_filename","Exclude from NEW speculative outreach; historical sent email, not permanent rejection"
"Profoto","anders.hedebark@profoto.com","2026-08-04","19fcd3043532056e","cv_attachment_filename","Exclude from NEW speculative outreach; historical sent email, not permanent rejection"
"Nordiska_Kok","johan@nordiskakok.se","2026-08-04","19fcd30434938f75","cv_attachment_filename","Exclude from NEW speculative outreach; historical sent email, not permanent rejection"
"Fortex_International","robin.ekstrom@fortex.se","2026-08-04","19fcd30434890291","cv_attachment_filename","Exclude from NEW speculative outreach; historical sent email, not permanent rejection"
"Aura_Light","rasmus.andersson@auralight.com","2026-08-04","19fcd304310d8043","cv_attachment_filename","Exclude from NEW speculative outreach; historical sent email, not permanent rejection"
"Salinity","marit.borjesson@salinity.com","2026-08-04","19fcd3042f7963f0","cv_attachment_filename","Exclude from NEW speculative outreach; historical sent email, not permanent rejection"
"Auctionet","oskar.tornvall@auctionet.com","2026-08-04","19fcd3042f0442c2","cv_attachment_filename","Exclude from NEW speculative outreach; historical sent email, not permanent rejection"
"Nordic_Air_Defence","karl@nordicairdefence.com","2026-08-04","19fcd3042caca2a3","cv_attachment_filename","Exclude from NEW speculative outreach; historical sent email, not permanent rejection"
"Aceve","claus.thorsgaard@aceve.com","2026-08-04","19fcd3042ba873bf","cv_attachment_filename","Exclude from NEW speculative outreach; historical sent email, not permanent rejection"
"Wallenius_SOL","jonas.wahlin@wallenius-sol.com","2026-08-04","19fcd3042a4ef5f0","cv_attachment_filename","Exclude from NEW speculative outreach; historical sent email, not permanent rejection"
"Nimbus_Group","johan.inden@nimbus.se","2026-08-04","19fcd3042a2b983d","cv_attachment_filename","Exclude from NEW speculative outreach; historical sent email, not permanent rejection"
"Lexit_Group","petter.lagstrom@lexitgroup.com","2026-08-04","19fcd304260bfc5b","cv_attachment_filename","Exclude from NEW speculative outreach; historical sent email, not permanent rejection"
"Jetpak","kenneth.marx@jetpak.com","2026-08-04","19fcd30424be4f23","cv_attachment_filename","Exclude from NEW speculative outreach; historical sent email, not permanent rejection"
"Hecksher","patrik.rossberger@hecksher.com","2026-08-04","19fcd3042261c8d9","cv_attachment_filename","Exclude from NEW speculative outreach; historical sent email, not permanent rejection"
"Flowscape_Solutions","fredrik.landberg@flowscapesolutions.com","2026-08-04","19fcd30421fa4b72","cv_attachment_filename","Exclude from NEW speculative outreach; historical sent email, not permanent rejection"
"Storyals","adrian@storyals.com","2026-08-04","19fcd30421e2dba2","cv_attachment_filename","Exclude from NEW speculative outreach; historical sent email, not permanent rejection"
"agve.se","ulf.baumgardt@agve.se","2026-08-04","19fcc30d5e71de18","recipient_domain_only","Exclude from NEW speculative outreach; historical sent email, not permanent rejection"
"i-tech.se","per.svensson@i-tech.se","2026-08-04","19fcc30d58f808cc","recipient_domain_only","Exclude from NEW speculative outreach; historical sent email, not permanent rejection"
"subtonomy.com","fredrik.edwall@subtonomy.com","2026-08-04","19fcc2feb47ae1fa","recipient_domain_only","Exclude from NEW speculative outreach; historical sent email, not permanent rejection"
"axentia.se","pa@axentia.se","2026-08-04","19fcc2fea1c7700d","recipient_domain_only","Exclude from NEW speculative outreach; historical sent email, not permanent rejection"
"axentia.se","pa@axentia.se","2026-08-04","19fcc26c3d50d82e","recipient_domain_only","Exclude from NEW speculative outreach; historical sent email, not permanent rejection"
"twiceme.com","christian.connolly@twiceme.com","2026-08-04","19fcc25d679d352a","recipient_domain_only","Exclude from NEW speculative outreach; historical sent email, not permanent rejection"
"vanbruun.com","victor@vanbruun.com","2026-08-03","19fc8a3b7f52de42","recipient_domain_only","Exclude from NEW speculative outreach; historical sent email, not permanent rejection"
"visibagroup.co.uk","hannah.gibson@visibagroup.co.uk","2026-08-03","19fc8a3b73b548bf","recipient_domain_only","Exclude from NEW speculative outreach; historical sent email, not permanent rejection"
"focusnordic.dk","mikael.westheimer@focusnordic.dk","2026-08-03","19fc8a3b6e08ab87","recipient_domain_only","Exclude from NEW speculative outreach; historical sent email, not permanent rejection"
"brokk.com","martin.burstrom@brokk.com","2026-08-03","19fc8a3b65764b67","recipient_domain_only","Exclude from NEW speculative outreach; historical sent email, not permanent rejection"
"getflowbox.com","mads.wedderkopp@getflowbox.com","2026-08-03","19fc8a3b6498dec2","recipient_domain_only","Exclude from NEW speculative outreach; historical sent email, not permanent rejection"
"Consat_Telematics","par.thuresson@consat.se","2026-08-03","19fc7fb41d4b4465","cv_attachment_filename","Exclude from NEW speculative outreach; historical sent email, not permanent rejection"
"Enwa","john.jessen@enwa.com","2026-08-03","19fc7fb41a5b4578","cv_attachment_filename","Exclude from NEW speculative outreach; historical sent email, not permanent rejection"
"Talurit","victor.lindh@talurit.se","2026-08-03","19fc7fb413b1987e","cv_attachment_filename","Exclude from NEW speculative outreach; historical sent email, not permanent rejection"
"Ebeco","kristian.larsson@ebeco.com","2026-08-03","19fc7fb40e39e729","cv_attachment_filename","Exclude from NEW speculative outreach; historical sent email, not permanent rejection"
"JOAB","bjorn.svedrin@joab.se","2026-08-03","19fc7fb409f1cd6e","cv_attachment_filename","Exclude from NEW speculative outreach; historical sent email, not permanent rejection"
"Parakey","johan@parakey.co","2026-08-03","19fc7fb406e501ac","cv_attachment_filename","Exclude from NEW speculative outreach; historical sent email, not permanent rejection"
"AGVE","ulf.baumgardt@agve.se","2026-08-03","19fc7fb403b39e15","cv_attachment_filename","Exclude from NEW speculative outreach; historical sent email, not permanent rejection"
"Westpay","sten.karlsson@westpay.se","2026-08-03","19fc7fb4003fecd7","cv_attachment_filename","Exclude from NEW speculative outreach; historical sent email, not permanent rejection"
"Twiceme_Technology","christian.connolly@twiceme.com","2026-08-03","19fc7e9dbc4f390f","cv_attachment_filename","Exclude from NEW speculative outreach; historical sent email, not permanent rejection"
"Midsummer","eric.jaremalm@midsummer.se","2026-08-03","19fc7e9dbbf60827","cv_attachment_filename","Exclude from NEW speculative outreach; historical sent email, not permanent rejection"
"SolidSport","awesterlind@solidsport.com","2026-08-03","19fc7e9dbb0b5c4e","cv_attachment_filename","Exclude from NEW speculative outreach; historical sent email, not permanent rejection"
"Ecoride","martin@ecoride.com","2026-08-03","19fc7e9db4216b8a","cv_attachment_filename","Exclude from NEW speculative outreach; historical sent email, not permanent rejection"
"Subtonomy","fredrik.edwall@subtonomy.com","2026-08-03","19fc7e9db1905a8e","cv_attachment_filename","Exclude from NEW speculative outreach; historical sent email, not permanent rejection"
"VANBRUUN","victor@vanbruun.com","2026-08-03","19fc7e9daf3a336e","cv_attachment_filename","Exclude from NEW speculative outreach; historical sent email, not permanent rejection"
"Satcube","lukas.nystrom@satcube.com","2026-08-03","19fc7e9dac75c6e7","cv_attachment_filename","Exclude from NEW speculative outreach; historical sent email, not permanent rejection"
"Litium","andreas.granath@litium.com","2026-08-03","19fc7e9daaccbe21","cv_attachment_filename","Exclude from NEW speculative outreach; historical sent email, not permanent rejection"
"Cemvision","oscar.hallen@cemvision.se","2026-08-03","19fc7e9da7f4190c","cv_attachment_filename","Exclude from NEW speculative outreach; historical sent email, not permanent rejection"
"Centiglobe","sofi.hakanson@centiglobe.com","2026-08-03","19fc7e9da31d7999","cv_attachment_filename","Exclude from NEW speculative outreach; historical sent email, not permanent rejection"
"Flowbox","mads.wedderkopp@getflowbox.com","2026-08-03","19fc7e9da09e307b","cv_attachment_filename","Exclude from NEW speculative outreach; historical sent email, not permanent rejection"
"Planhat","kaveh@planhat.com","2026-08-03","19fc7ddf441311f6","cv_attachment_filename","Exclude from NEW speculative outreach; historical sent email, not permanent rejection"
"Doconomy","carl-johan@doconomy.com","2026-08-03","19fc7dd0bc155a98","cv_attachment_filename","Exclude from NEW speculative outreach; historical sent email, not permanent rejection"
"Vertiseit","johan.lind@vertiseit.com","2026-08-03","19fc7dd0b92bd3a7","cv_attachment_filename","Exclude from NEW speculative outreach; historical sent email, not permanent rejection"
"Phyron_AI","mattias.kellquist@phyron.com","2026-08-03","19fc7dd0a22b6ebc","cv_attachment_filename","Exclude from NEW speculative outreach; historical sent email, not permanent rejection"
"Oceanbird","amrit.bhullar@theoceanbird.com","2026-08-03","19fc7db35a68532f","cv_attachment_filename","Exclude from NEW speculative outreach; historical sent email, not permanent rejection"
"Smart_Eye","ulf.lofberg@smarteye.ai","2026-08-03","19fc7db355fa5c9e","cv_attachment_filename","Exclude from NEW speculative outreach; historical sent email, not permanent rejection"
"Pronomic","niklas.palm@pronomic.com","2026-08-03","19fc7db353f701b8","cv_attachment_filename","Exclude from NEW speculative outreach; historical sent email, not permanent rejection"
"Duschprodukter_Group","peter.lindenhall@dpsgroup.se","2026-08-03","19fc7db35259f8d8","cv_attachment_filename","Exclude from NEW speculative outreach; historical sent email, not permanent rejection"
"Sunfab_Hydraulics","perolof.o@sunfab.se","2026-08-03","19fc7db350ce64b4","cv_attachment_filename","Exclude from NEW speculative outreach; historical sent email, not permanent rejection"
"Baseload_Capital","alexander.helling@baseloadcap.com","2026-08-03","19fc7db34fc89c7f","cv_attachment_filename","Exclude from NEW speculative outreach; historical sent email, not permanent rejection"
"Flower","alan.ting@flower.se","2026-08-03","19fc7db34ecfdfb8","cv_attachment_filename","Exclude from NEW speculative outreach; historical sent email, not permanent rejection"
"Hailey","anders@haileyhr.com","2026-08-03","19fc7db34c659528","cv_attachment_filename","Exclude from NEW speculative outreach; historical sent email, not permanent rejection"
"Visiba_Care","hannah.gibson@visibacare.com","2026-08-03","19fc7db348e1a4f1","cv_attachment_filename","Exclude from NEW speculative outreach; historical sent email, not permanent rejection"
"Oxeon_TeXtreme","henrik.blycker@textreme.com","2026-08-03","19fc7db348601657","cv_attachment_filename","Exclude from NEW speculative outreach; historical sent email, not permanent rejection"
"Sysarb","timmy.lundin@sysarb.com","2026-08-03","19fc7db3448ccfaa","cv_attachment_filename","Exclude from NEW speculative outreach; historical sent email, not permanent rejection"
"Kognic","jon.jaleby@kognic.com","2026-08-03","19fc7d94252b1183","cv_attachment_filename","Exclude from NEW speculative outreach; historical sent email, not permanent rejection"
"Sleep_Cycle","peter.alsterberg@sleepcycle.com","2026-08-03","19fc7d93b8b57d32","cv_attachment_filename","Exclude from NEW speculative outreach; historical sent email, not permanent rejection"
"Manta_Marine_Technologies","bjorn.lundgren@mantamarine.com","2026-08-03","19fc7d92ab767c6e","cv_attachment_filename","Exclude from NEW speculative outreach; historical sent email, not permanent rejection"
"Allgon","l.nyquist-evenrud@allgon.com","2026-08-03","19fc7d922b4fb012","cv_attachment_filename","Exclude from NEW speculative outreach; historical sent email, not permanent rejection"
"Winningtemp","leith.mansour@winningtemp.com","2026-08-03","19fc7d8f46deec67","cv_attachment_filename","Exclude from NEW speculative outreach; historical sent email, not permanent rejection"
"ChargeNode","annika.abraham@chargenode.eu","2026-08-03","19fc7d8e204d8577","cv_attachment_filename","Exclude from NEW speculative outreach; historical sent email, not permanent rejection"
"Climeon","lena.sundquist@climeon.com","2026-08-03","19fc7d78ca832d88","cv_attachment_filename","Exclude from NEW speculative outreach; historical sent email, not permanent rejection"
"Kognity","sebastian.dedering@kognity.com","2026-08-03","19fc7d78c2b1d21f","cv_attachment_filename","Exclude from NEW speculative outreach; historical sent email, not permanent rejection"
"Froda","olle@froda.se","2026-08-03","19fc7d78c2595068","cv_attachment_filename","Exclude from NEW speculative outreach; historical sent email, not permanent rejection"
"Focus_Nordic","mikael.westheimer@focusnordic.dk","2026-08-03","19fc7d77b9a6d557","cv_attachment_filename","Exclude from NEW speculative outreach; historical sent email, not permanent rejection"
"SaltX_Technology","eric.jacobson@saltxtechnology.com","2026-08-03","19fc7d76df8f85ff","cv_attachment_filename","Exclude from NEW speculative outreach; historical sent email, not permanent rejection"
"Vitec_Energy","kristoffer.roger@vitecsoftware.com","2026-08-03","19fc7d76251e37c5","cv_attachment_filename","Exclude from NEW speculative outreach; historical sent email, not permanent rejection"
"Xensam","amy.marinari@xensam.com","2026-08-03","19fc7d75a12a6487","cv_attachment_filename","Exclude from NEW speculative outreach; historical sent email, not permanent rejection"
"FlexQube","anders.fogelberg@flexqube.com","2026-08-03","19fc7d754cd327d3","cv_attachment_filename","Exclude from NEW speculative outreach; historical sent email, not permanent rejection"
"Axkid","anton.wall@axkid.com","2026-08-03","19fc7d74d437aefc","cv_attachment_filename","Exclude from NEW speculative outreach; historical sent email, not permanent rejection"
"Brink_Commerce","jesper.mellberg@brinkcommerce.com","2026-08-03","19fc7d747208ded5","cv_attachment_filename","Exclude from NEW speculative outreach; historical sent email, not permanent rejection"
"Mimbly","isabella@mimbly.se","2026-08-03","19fc7d740c8fe142","cv_attachment_filename","Exclude from NEW speculative outreach; historical sent email, not permanent rejection"
"Sitoo","jens.levin@sitoo.com","2026-08-03","19fc7d7365da99de","cv_attachment_filename","Exclude from NEW speculative outreach; historical sent email, not permanent rejection"
"Stravito","thor@stravito.com","2026-08-03","19fc7d72ffe924e7","cv_attachment_filename","Exclude from NEW speculative outreach; historical sent email, not permanent rejection"
"Mentimeter","christian.finstad@mentimeter.com","2026-08-03","19fc7d7277366633","cv_attachment_filename","Exclude from NEW speculative outreach; historical sent email, not permanent rejection"
"CarbonCloud","david@carboncloud.com","2026-08-03","19fc7d71d5618684","cv_attachment_filename","Exclude from NEW speculative outreach; historical sent email, not permanent rejection"
"Novacura","johan.melander@novacura.com","2026-08-03","19fc7d715c4c9057","cv_attachment_filename","Exclude from NEW speculative outreach; historical sent email, not permanent rejection"
"Mynt","baltsar.sahlin@mynt.com","2026-08-03","19fc7d6a358db10b","cv_attachment_filename","Exclude from NEW speculative outreach; historical sent email, not permanent rejection"
"TrusTrace","shameek.ghosh@trustrace.com","2026-08-03","19fc7d6a3003f29f","cv_attachment_filename","Exclude from NEW speculative outreach; historical sent email, not permanent rejection"
"I-Tech","per.svensson@i-tech.se","2026-08-03","19fc7d5b77b391d2","cv_attachment_filename","Exclude from NEW speculative outreach; historical sent email, not permanent rejection"
"Gapwaves","jonas.ehinger@gapwaves.com","2026-08-03","19fc747cf989e512","cv_attachment_filename","Exclude from NEW speculative outreach; historical sent email, not permanent rejection"
"Marinfloc","ola@marinfloc.com","2026-08-01","19fbded67f169b7c","cv_attachment_filename","Exclude from NEW speculative outreach; historical sent email, not permanent rejection"
"Palats","henrik@palats.io","2026-07-28","19fa954b4ceef567","cv_attachment_filename","Exclude from NEW speculative outreach; historical sent email, not permanent rejection"
"Stille","ulrik.berthelsen@stille.se","2026-07-28","19fa953f48de0975","cv_attachment_filename","Exclude from NEW speculative outreach; historical sent email, not permanent rejection"
"Axelent","andreas.gotmark@axelent.com","2026-07-28","19fa8e04655dabeb","cv_attachment_filename","Exclude from NEW speculative outreach; historical sent email, not permanent rejection"
"Firefly","henrik.gustafsson@firefly.se","2026-07-28","19fa8dd57fbf16b5","cv_attachment_filename","Exclude from NEW speculative outreach; historical sent email, not permanent rejection"
"Axentia_Technologies","pa@axentia.se","2026-07-28","19fa8d78987aca32","cv_attachment_filename","Exclude from NEW speculative outreach; historical sent email, not permanent rejection"
"engcon","stig.engstrom@engcon.com","2026-07-28","19fa8bef1b717524","cv_attachment_filename","Exclude from NEW speculative outreach; historical sent email, not permanent rejection"
"engcon","krister.blomgren@engcon.com","2026-07-28","19fa8b933dbabccd","cv_attachment_filename","Exclude from NEW speculative outreach; historical sent email, not permanent rejection"
"Brokk","martin.burstrom@brokk.com","2026-07-28","19fa8b83406e630d","cv_attachment_filename","Exclude from NEW speculative outreach; historical sent email, not permanent rejection"
"Micropower_Group","fredrik.falk@micropower.se","2026-07-28","19fa863efab125e6","cv_attachment_filename","Exclude from NEW speculative outreach; historical sent email, not permanent rejection"
"Epishine","daniel.rossing@epishine.com","2026-07-28","19fa863003624341","cv_attachment_filename","Exclude from NEW speculative outreach; historical sent email, not permanent rejection"
"corsmed.com","erik.jacobsson@corsmed.com","2026-07-28","19fa7f6cfad5af03","recipient_domain_only","Exclude from NEW speculative outreach; historical sent email, not permanent rejection"
"MSAB","peter.gille@msab.com","2026-07-27","19fa48332bcf974f","cv_attachment_filename","Exclude from NEW speculative outreach; historical sent email, not permanent rejection"
"C-RAD","investors@c-rad.com","2026-07-27","19fa482d6e20ade5","cv_attachment_filename","Exclude from NEW speculative outreach; historical sent email, not permanent rejection"
"CellaVision","steve.ferguson@cellavision.com","2026-07-27","19fa47589518b8e9","cv_attachment_filename","Exclude from NEW speculative outreach; historical sent email, not permanent rejection"
"BONESUPPORT","fergus.macleod@bonesupport.com","2026-07-27","19fa475402151f8d","cv_attachment_filename","Exclude from NEW speculative outreach; historical sent email, not permanent rejection"
"Position_Green","johannes.zetterlund@positiongreen.com","2026-07-27","19fa471b34d82a8b","cv_attachment_filename","Exclude from NEW speculative outreach; historical sent email, not permanent rejection"
"PinMeTo","henrik.schmidt@pinmeto.com","2026-07-27","19fa4715456a86df","cv_attachment_filename","Exclude from NEW speculative outreach; historical sent email, not permanent rejection"
"Trialbee","jo.holton@trialbee.com","2026-07-27","19fa438dd4a64e4b","cv_attachment_filename","Exclude from NEW speculative outreach; historical sent email, not permanent rejection"
"Quartr","david@quartr.com","2026-07-27","19fa43845312b24f","cv_attachment_filename","Exclude from NEW speculative outreach; historical sent email, not permanent rejection"
"Devyser","ir@devyser.com","2026-07-27","19fa3f8267f5f73d","cv_attachment_filename","Exclude from NEW speculative outreach; historical sent email, not permanent rejection"
"Corsmed","erik.jacobsson@corsmed.com","2026-07-27","19fa3f7574c772e2","cv_attachment_filename","Exclude from NEW speculative outreach; historical sent email, not permanent rejection"
"LumenRadio","hans.larsson@lumenradio.com","2026-07-27","19fa3f39ee90e275","cv_attachment_filename","Exclude from NEW speculative outreach; historical sent email, not permanent rejection"
"TagMaster","jonas.svensson@tagmaster.com","2026-07-27","19fa3ea883b7dd40","cv_attachment_filename","Exclude from NEW speculative outreach; historical sent email, not permanent rejection"
"CorPower_Ocean","info@corpowerocean.com","2026-07-27","19fa3e944aa51cf9","cv_attachment_filename","Exclude from NEW speculative outreach; historical sent email, not permanent rejection"
"ScandiNova","mikael.lindholm@scandinovasystems.com","2026-07-27","19fa3e42b9e95943","cv_attachment_filename","Exclude from NEW speculative outreach; historical sent email, not permanent rejection"
"Volumental","maria.danell@volumental.com","2026-07-27","19fa3e0ea2240323","cv_attachment_filename","Exclude from NEW speculative outreach; historical sent email, not permanent rejection"
"LumenRadio","peter.andersson@lumenradio.com","2026-07-27","19fa3dbc3ecaf6c5","cv_attachment_filename","Exclude from NEW speculative outreach; historical sent email, not permanent rejection"
"Web_Manuals","tobias.nilsson@webmanuals.aero","2026-07-27","19fa3d276d78e808","cv_attachment_filename","Exclude from NEW speculative outreach; historical sent email, not permanent rejection"
"Candela","jerker.olofsson@candela.com","2026-07-27","19fa356ee7df35f4","cv_attachment_filename","Exclude from NEW speculative outreach; historical sent email, not permanent rejection"
"candela.com","jerker.olofsson@candela.com","2026-07-27","19fa35171a1c78bc","recipient_domain_only","Exclude from NEW speculative outreach; historical sent email, not permanent rejection"
"CV_Hasselblad","mona.thor@hasselblad.com","2026-07-23","19f8dfcf38f3ec8e","cv_attachment_filename","Exclude from NEW speculative outreach; historical sent email, not permanent rejection"
"CV_Berg_Propulsion","mattias.hansson@bergpropulsion.com","2026-07-22","19f8a6d0256d4b89","cv_attachment_filename","Exclude from NEW speculative outreach; historical sent email, not permanent rejection"
"CV_Mentice","andreas.danielsson@mentice.com","2026-07-22","19f8a5efe20fd63b","cv_attachment_filename","Exclude from NEW speculative outreach; historical sent email, not permanent rejection"
"CV_Vitrolife","onatens@vitrolife.com","2026-07-22","19f8a5492cb9403f","cv_attachment_filename","Exclude from NEW speculative outreach; historical sent email, not permanent rejection"
"CV_Hexatronic","magnus.angermund@hexatronic.com","2026-07-22","19f8a4116f8f462e","cv_attachment_filename","Exclude from NEW speculative outreach; historical sent email, not permanent rejection"
"CV_Hasselblad","uwe.moebus@hasselblad.com","2026-07-22","19f8a3132502b213","cv_attachment_filename","Exclude from NEW speculative outreach; historical sent email, not permanent rejection"
"CV_XVIVO","johan.holmstrom@xvivogroup.com","2026-07-22","19f8a1ba8cf40a3a","cv_attachment_filename","Exclude from NEW speculative outreach; historical sent email, not permanent rejection"
"CV_Swegon","eva.karlsson@swegon.com","2026-07-22","19f89e08262dec68","cv_attachment_filename","Exclude from NEW speculative outreach; historical sent email, not permanent rejection"
"CV_PowerCell","richard.berkling@powercellgroup.com","2026-07-22","19f89d03644d17d1","cv_attachment_filename","Exclude from NEW speculative outreach; historical sent email, not permanent rejection"
"CV_Brand_Metrics","anders@brandmetrics.com","2026-07-22","19f893c1cac6338c","cv_attachment_filename","Exclude from NEW speculative outreach; historical sent email, not permanent rejection"
"CV_Qmatic","khachatur.muradyan@qmatic.com","2026-07-22","19f88c357fc6a4f6","cv_attachment_filename","Exclude from NEW speculative outreach; historical sent email, not permanent rejection"
"CV_Modvion (1)","uffe.vinther-schou@modvion.com","2026-07-22","19f88b02167aea81","cv_attachment_filename","Exclude from NEW speculative outreach; historical sent email, not permanent rejection"
"CV_Icomera","damien.convert@icomera.com","2026-07-22","19f889bbb9b87df7","cv_attachment_filename","Exclude from NEW speculative outreach; historical sent email, not permanent rejection"
"CV_PulPac","sanna.fager@pulpac.com","2026-07-22","19f8893fc9ea1f5c","cv_attachment_filename","Exclude from NEW speculative outreach; historical sent email, not permanent rejection"
"CV_Meva_Energy","peter.gabrielsson@mevaenergy.com","2026-07-21","19f86251fe3519cf","cv_attachment_filename","Exclude from NEW speculative outreach; historical sent email, not permanent rejection"
"CV_Everdrone","erik.ekbo@everdrone.com","2026-07-21","19f84a333b78379f","cv_attachment_filename","Exclude from NEW speculative outreach; historical sent email, not permanent rejection"
"CV_Detectify","david@detectify.com","2026-07-21","19f84750e51d27f1","cv_attachment_filename","Exclude from NEW speculative outreach; historical sent email, not permanent rejection"
"CV_DBJourney","richard.collier@dbjourney.com","2026-07-16","19f6a11974db7282","cv_attachment_filename","Exclude from NEW speculative outreach; historical sent email, not permanent rejection"
"CoverLetter_Eliq","hello@eliq.io","2026-07-09","19f46127101001a0","cv_attachment_filename","Exclude from NEW speculative outreach; historical sent email, not permanent rejection"
"simployer.com","gunnar.aasen@simployer.com","2026-02-24","19c8e90ca31e8110","recipient_domain_only","Exclude from NEW speculative outreach; historical sent email, not permanent rejection"
